ID, First Name, Last Name, Money Available, Events Purchased, TicketMiner Membership, Username, Password, Tickets Purchased, Transaction Count, 
497, Brittany, Nielsen, 7421.45, 4, false, brittanynielsen, Fun!23, 14, 4, 
905, Rodney, Moss, 9956.43, 1, true, rodneymoss, Fun!23, 3, 1, 
860, Paul, Harmon, 6413.53, 9, false, paulharmon, Fun!23, 39, 9, 
929, Jennifer, Schneider, 6561.57, 7, true, jenniferschneider, Fun!23, 31, 7, 
798, Stephanie, Obrien, 4004.88, 8, true, stephanieobrien, Fun!23, 32, 8, 
797, Micheal, Sanders, 6021.62, 5, true, michealsanders, Fun!23, 20, 5, 
949, Robert, Wang, 3558.44, 3, true, robertwang, Fun!23, 17, 3, 
923, Matthew, Khan, 1700.68, 6, false, matthewkhan, Fun!23, 22, 6, 
157, Melanie, Kirk, 9355.83, 7, false, melaniekirk, Fun!23, 24, 7, 
505, Danielle, Dorsey, 6079.38, 4, false, danielledorsey, Fun!23, 17, 4, 
743, Angela, Carney, 10071.88, 4, false, angelacarney, Fun!23, 19, 4, 
248, Jessica, Moore, 4711.34, 6, true, jessicamoore, Fun!23, 21, 6, 
151, Victoria, Martin, 5806.21, 12, true, victoriamartin, Fun!23, 45, 12, 
649, David, Cox, 14269.47, 6, true, davidcox, Fun!23, 23, 6, 
576, Christopher, Craig, 5609.97, 7, true, christophercraig, Fun!23, 27, 7, 
854, Laurie, Johnson, 2805.52, 6, true, lauriejohnson, Fun!23, 25, 6, 
292, Alexandra, Robinson, 8312.69, 8, true, alexandrarobinson, Fun!23, 34, 8, 
741, Kevin, Boone, 8343.71, 8, false, kevinboone, Fun!23, 32, 8, 
341, Denise, Williams, 11451.98, 5, false, denisewilliams, Fun!23, 21, 5, 
474, Doris, Mercado, 3628.78, 9, false, dorismercado, Fun!23, 38, 9, 
169, Christina, Walker, 878.78, 9, false, christinawalker, Fun!23, 35, 9, 
335, Kimberly, Garcia, 283.29, 9, true, kimberlygarcia, Fun!23, 42, 9, 
554, Martha, Perry, 9135.39, 3, true, marthaperry, Fun!23, 12, 3, 
354, Heidi, Barker, 7448.49, 7, false, heidibarker, Fun!23, 29, 7, 
965, Mary, Anderson, 7438.97, 10, false, maryanderson, Fun!23, 41, 10, 
211, Sheila, Lewis, 1186.13, 6, true, sheilalewis, Fun!23, 24, 6, 
835, Gary, Park, 32.51, 10, false, garypark, Fun!23, 37, 10, 
409, Ray, Huynh, 3522.66, 11, false, rayhuynh, Fun!23, 55, 11, 
805, Elizabeth, Castillo, 5286.03, 10, true, elizabethcastillo, Fun!23, 43, 10, 
845, Joshua, Gomez, 3868.58, 4, false, joshuagomez, Fun!23, 13, 4, 
1016, Kim, Craig, 7369.13, 9, true, kimcraig, Fun!23, 29, 9, 
541, Amy, Chase, 6755.78, 7, true, amychase, Fun!23, 30, 7, 
377, Travis, Ruiz, 3103.51, 6, true, travisruiz, Fun!23, 24, 6, 
632, Christopher, Osborne, 3295.02, 7, false, christopherosborne, Fun!23, 30, 7, 
1037, Amanda, Baker, 3885.64, 5, false, amandabaker, Fun!23, 19, 5, 
322, Lindsay, Webster, 282.96, 10, true, lindsaywebster, Fun!23, 39, 10, 
271, Tanya, Davis, 9724.02, 3, false, tanyadavis, Fun!23, 6, 3, 
423, Randy, Keller, 11449.63, 5, false, randykeller, Fun!23, 17, 5, 
935, Sharon, Gillespie, 6177.15, 7, false, sharongillespie, Fun!23, 27, 7, 
744, Dennis, Smith, 5624.86, 4, false, dennissmith, Fun!23, 17, 4, 
524, Victoria, Moses, 1596.05, 8, false, victoriamoses, Fun!23, 31, 8, 
729, Holly, Cruz, 1820.88, 7, true, hollycruz, Fun!23, 28, 7, 
479, Kelly, Bell, 6118.43, 11, false, kellybell, Fun!23, 46, 11, 
714, Jermaine, Dean, 12069.15, 9, false, jermainedean, Fun!23, 30, 9, 
623, Michelle, Walsh, 4907.94, 6, true, michellewalsh, Fun!23, 21, 6, 
286, Tammy, Martinez, 3901.29, 13, true, tammymartinez, Fun!23, 45, 13, 
747, Sandy, Blackwell, 3068.14, 5, false, sandyblackwell, Fun!23, 16, 5, 
675, William, Ortiz, 8124.29, 5, true, williamortiz, Fun!23, 17, 5, 
407, David, Soto, 2553.56, 10, true, davidsoto, Fun!23, 45, 10, 
1006, Melissa, Holt, 10478.13, 11, false, melissaholt, Fun!23, 44, 11, 
375, Dean, Smith, 1063.96, 11, true, deansmith, Fun!23, 50, 11, 
496, Gabriel, Hansen, 7808.47, 7, true, gabrielhansen, Fun!23, 31, 7, 
270, Susan, Allen, 14012.55, 2, false, susanallen, Fun!23, 9, 2, 
1011, Mikayla, Dennis, 2518.66, 10, false, mikayladennis, Fun!23, 39, 10, 
488, Amber, Sellers, 4553.21, 13, false, ambersellers, Fun!23, 50, 13, 
688, Jose, Farley, 452.01, 9, true, josefarley, Fun!23, 30, 9, 
147, Ashley, Evans, 11837.51, 3, true, ashleyevans, Fun!23, 14, 3, 
642, Nicholas, Copeland, 860.37, 3, true, nicholascopeland, Fun!23, 16, 3, 
837, Victoria, White, 274.35, 14, false, victoriawhite, Fun!23, 68, 14, 
387, Craig, Oconnell, 243.50, 3, true, craigoconnell, Fun!23, 16, 3, 
828, Julie, Shaw, 1602.88, 11, true, julieshaw, Fun!23, 45, 11, 
1034, Brooke, Maxwell, 7662.64, 8, true, brookemaxwell, Fun!23, 37, 8, 
149, Richard, Vargas, 2572.44, 4, false, richardvargas, Fun!23, 12, 4, 
938, Carol, Elliott, 4787.82, 3, false, carolelliott, Fun!23, 12, 3, 
232, Alexander, Kelly, 37.93, 12, false, alexanderkelly, Fun!23, 39, 12, 
189, Eric, Vazquez, 9279.04, 9, true, ericvazquez, Fun!23, 37, 9, 
458, Linda, Alexander, 7464.85, 7, false, lindaalexander, Fun!23, 26, 7, 
928, Sarah, Taylor, 2007.51, 11, true, sarahtaylor, Fun!23, 44, 11, 
736, Michael, Cowan, 13206.32, 4, false, michaelcowan, Fun!23, 21, 4, 
515, Bobby, Bennett, 2961.60, 3, false, bobbybennett, Fun!23, 9, 3, 
381, Joshua, Meadows, 5305.64, 6, false, joshuameadows, Fun!23, 23, 6, 
35, Lilo, Disney, 5347.34, 3, false, lilodisney, Fun!23, 12, 3, 
109, Crystal, Hudson, 1231.02, 9, true, crystalhudson, Fun!23, 37, 9, 
478, Wesley, Lambert, 5241.94, 9, true, wesleylambert, Fun!23, 28, 9, 
735, Kimberly, Roberts, 8666.53, 8, true, kimberlyroberts, Fun!23, 35, 8, 
384, Alicia, Jenkins, 6908.68, 8, true, aliciajenkins, Fun!23, 33, 8, 
799, Holly, Davidson, 6662.20, 6, true, hollydavidson, Fun!23, 21, 6, 
724, Joshua, Hickman, 2170.69, 7, false, joshuahickman, Fun!23, 30, 7, 
64, Arturo, Hernandez, 73.77, 6, true, arturohernandez, Fun!23, 16, 6, 
870, Bryan, Wise, 1558.75, 8, true, bryanwise, Fun!23, 30, 8, 
537, Jessica, Olsen, 13057.59, 6, true, jessicaolsen, Fun!23, 28, 6, 
595, James, Brennan, 2618.03, 7, true, jamesbrennan, Fun!23, 27, 7, 
124, Brian, Andrews, 1312.99, 7, false, brianandrews, Fun!23, 33, 7, 
895, Amy, Morse, 5353.07, 10, true, amymorse, Fun!23, 42, 10, 
244, Dorothy, Cox, 9791.51, 5, true, dorothycox, Fun!23, 21, 5, 
280, Gregory, Sullivan, 1251.14, 3, true, gregorysullivan, Fun!23, 10, 3, 
611, Darren, Gibbs, 871.04, 7, true, darrengibbs, Fun!23, 24, 7, 
429, Jill, Solis, 3107.46, 7, true, jillsolis, Fun!23, 30, 7, 
974, Jerry, Rodriguez, 7781.48, 5, false, jerryrodriguez, Fun!23, 22, 5, 
789, Hector, Whitney, 3011.37, 8, false, hectorwhitney, Fun!23, 37, 8, 
565, Corey, Wilson, 1390.47, 12, false, coreywilson, Fun!23, 44, 12, 
531, Alexander, Carter, 3785.41, 3, true, alexandercarter, Fun!23, 13, 3, 
236, Andrew, Campos, 1092.51, 8, true, andrewcampos, Fun!23, 26, 8, 
787, Kathy, Smith, 6711.70, 11, false, kathysmith, Fun!23, 48, 11, 
702, Wesley, Williamson, 5599.79, 6, false, wesleywilliamson, Fun!23, 20, 6, 
393, Tanya, Kent, 8734.98, 3, true, tanyakent, Fun!23, 13, 3, 
978, Anthony, Byrd, 1147.76, 5, true, anthonybyrd, Fun!23, 16, 5, 
1012, Carlos, Lynch, 4033.80, 9, true, carloslynch, Fun!23, 29, 9, 
490, Jessica, Anderson, 619.52, 13, true, jessicaanderson, Fun!23, 47, 13, 
462, Alexandra, Fox, 8567.60, 5, true, alexandrafox, Fun!23, 20, 5, 
719, Cody, Robles, 5107.70, 11, false, codyrobles, Fun!23, 44, 11, 
57, Isabella, Gaytan, 3994.19, 6, true, isabellagaytan, Fun!23, 19, 6, 
547, Ryan, Bowman, 5408.66, 10, true, ryanbowman, Fun!23, 36, 10, 
911, Deanna, Cummings, 3876.50, 4, false, deannacummings, Fun!23, 14, 4, 
205, Zachary, Ellison, 652.47, 6, false, zacharyellison, Fun!23, 22, 6, 
951, Mitchell, Gross, 13129.86, 3, false, mitchellgross, Fun!23, 13, 3, 
49, Rene, Cervantez, 4926.17, 5, false, renecervantez, Fun!23, 17, 5, 
937, Kylie, King, 694.51, 13, false, kylieking, Fun!23, 57, 13, 
773, Elizabeth, Dominguez, 6668.43, 9, true, elizabethdominguez, Fun!23, 30, 9, 
682, Sarah, Griffin, 1513.33, 6, false, sarahgriffin, Fun!23, 21, 6, 
87, Maximiliano, Uribe, 5327.01, 7, true, maximilianouribe, Fun!23, 25, 7, 
563, Christopher, Johnson, 1676.19, 6, false, christopherjohnson, Fun!23, 17, 6, 
610, Edward, Molina, 4923.12, 7, true, edwardmolina, Fun!23, 25, 7, 
1003, Joseph, Hanna, 2413.69, 6, false, josephhanna, Fun!23, 26, 6, 
883, Mark, Washington, 1781.44, 8, true, markwashington, Fun!23, 30, 8, 
945, Brett, Mathis, 6740.45, 6, true, brettmathis, Fun!23, 28, 6, 
362, Kevin, Swanson, 13340.31, 6, false, kevinswanson, Fun!23, 24, 6, 
83, Andy, Segura, 7133.72, 6, false, andysegura, Fun!23, 22, 6, 
686, Mary, Gonzalez, 5592.06, 10, false, marygonzalez, Fun!23, 44, 10, 
276, Michael, Williams, 14204.38, 2, true, michaelwilliams, Fun!23, 7, 2, 
629, Colleen, Sanchez, 3503.17, 12, false, colleensanchez, Fun!23, 46, 12, 
308, Amy, Bradley, 699.40, 7, false, amybradley, Fun!23, 25, 7, 
1031, Kimberly, Harris, 1325.88, 11, false, kimberlyharris, Fun!23, 39, 11, 
385, Jacob, Williams, 8366.34, 6, true, jacobwilliams, Fun!23, 23, 6, 
89, Seth, Velasco, 6723.66, 5, false, sethvelasco, Fun!23, 21, 5, 
327, Jason, Wolfe, 4952.37, 4, true, jasonwolfe, Fun!23, 20, 4, 
18, Jafar, Aladdin, 766.43, 8, false, jafaraladdin, Fun!23, 29, 8, 
117, Crystal, Walker, 2662.57, 3, false, crystalwalker, Fun!23, 13, 3, 
457, Philip, Chaney, 8473.45, 5, false, philipchaney, Fun!23, 24, 5, 
314, Lisa, Gaines, 4701.71, 6, false, lisagaines, Fun!23, 24, 6, 
150, Derrick, Grant, 3198.88, 5, true, derrickgrant, Fun!23, 15, 5, 
869, Wendy, Montoya, 11699.09, 7, true, wendymontoya, Fun!23, 29, 7, 
704, Leonard, King, 4333.17, 4, false, leonardking, Fun!23, 18, 4, 
880, Brett, Wallace, 8788.52, 7, true, brettwallace, Fun!23, 24, 7, 
81, Alan, Robles, 2391.66, 9, false, alanrobles, Fun!23, 36, 9, 
792, Colleen, Hall, 11212.31, 8, true, colleenhall, Fun!23, 37, 8, 
400, Michael, Castillo, 3026.38, 4, false, michaelcastillo, Fun!23, 20, 4, 
944, Suzanne, Kennedy, 6545.50, 8, true, suzannekennedy, Fun!23, 33, 8, 
240, Kaylee, Patterson, 7199.48, 9, true, kayleepatterson, Fun!23, 37, 9, 
9, Ariel, Disney, 4253.69, 5, true, arieldisney, Fun!23, 23, 5, 
914, April, Lopez, 2973.11, 5, false, aprillopez, Fun!23, 17, 5, 
766, Richard, Sullivan, 9953.05, 7, false, richardsullivan, Fun!23, 31, 7, 
802, George, Proctor, 859.60, 5, true, georgeproctor, Fun!23, 22, 5, 
383, Elizabeth, Alvarez, 2157.21, 5, true, elizabethalvarez, Fun!23, 22, 5, 
143, Todd, Brooks, 3129.81, 8, true, toddbrooks, Fun!23, 35, 8, 
606, Sarah, Cline, 7464.77, 4, true, sarahcline, Fun!23, 16, 4, 
757, Brian, Rojas, 11004.30, 13, true, brianrojas, Fun!23, 47, 13, 
282, Dawn, King, 7156.79, 8, true, dawnking, Fun!23, 32, 8, 
85, Jose, Toriano, 2749.25, 12, true, josetoriano, Fun!23, 46, 12, 
737, Michael, Mccormick, 3623.75, 5, true, michaelmccormick, Fun!23, 18, 5, 
570, Chris, Jones, 13323.83, 4, false, chrisjones, Fun!23, 19, 4, 
513, Jennifer, Mills, 42.85, 6, false, jennifermills, Fun!23, 30, 6, 
612, Andrew, Mcclure, 1174.36, 8, false, andrewmcclure, Fun!23, 34, 8, 
684, Anna, Davis, 4375.67, 10, false, annadavis, Fun!23, 38, 10, 
277, Susan, Garcia, 9951.04, 9, false, susangarcia, Fun!23, 35, 9, 
843, Linda, Miller, 3457.99, 5, true, lindamiller, Fun!23, 21, 5, 
309, Denise, Morales, 3138.40, 10, false, denisemorales, Fun!23, 34, 10, 
146, Rachel, Vasquez, 2521.91, 5, true, rachelvasquez, Fun!23, 23, 5, 
560, Gerald, Beltran, 10526.26, 8, true, geraldbeltran, Fun!23, 38, 8, 
451, Jerry, Hampton, 128.37, 10, false, jerryhampton, Fun!23, 39, 10, 
247, Christopher, Wright, 13530.18, 7, false, christopherwright, Fun!23, 28, 7, 
5, Pluto, Disney, 2075.60, 8, false, plutodisney, Fun!23, 29, 8, 
242, Ashley, Jones, 1140.20, 9, false, ashleyjones, Fun!23, 31, 9, 
939, Elizabeth, Rodriguez, 1500.56, 7, true, elizabethrodriguez, Fun!23, 30, 7, 
679, Tyrone, Johnston, 4439.42, 5, false, tyronejohnston, Fun!23, 16, 5, 
814, Jose, Smith, 2869.62, 4, false, josesmith, Fun!23, 15, 4, 
6, Chip, Disney, 7495.80, 9, false, chipdisney, Fun!23, 36, 9, 
73, Pablo, Martinez, 4839.53, 8, false, pablomartinez, Fun!23, 37, 8, 
352, Lisa, Brown, 7933.84, 5, false, lisabrown, Fun!23, 26, 5, 
171, Karla, Johnson, 4530.01, 7, false, karlajohnson, Fun!23, 19, 7, 
577, Jamie, Hernandez, 8133.45, 6, true, jamiehernandez, Fun!23, 24, 6, 
168, Thomas, King, 9694.12, 7, true, thomasking, Fun!23, 28, 7, 
440, Steven, Cabrera, 9261.03, 4, true, stevencabrera, Fun!23, 16, 4, 
981, Sara, West, 1731.74, 7, false, sarawest, Fun!23, 28, 7, 
645, Matthew, Gonzalez, 3391.94, 8, true, matthewgonzalez, Fun!23, 32, 8, 
776, Michael, Thomas, 493.66, 10, false, michaelthomas, Fun!23, 38, 10, 
591, Christina, Jones, 10033.10, 7, true, christinajones, Fun!23, 31, 7, 
1021, Bryan, Massey, 8267.21, 7, true, bryanmassey, Fun!23, 25, 7, 
516, Michael, Adams, 10233.00, 4, false, michaeladams, Fun!23, 16, 4, 
666, Lori, Hall, 11033.18, 6, false, lorihall, Fun!23, 23, 6, 
1032, Angela, English, 3465.28, 6, true, angelaenglish, Fun!23, 22, 6, 
214, Bridget, Wagner, 4218.43, 5, false, bridgetwagner, Fun!23, 18, 5, 
136, Ronald, Parker, 5936.54, 6, false, ronaldparker, Fun!23, 22, 6, 
982, Jennifer, Preston, 1659.33, 4, false, jenniferpreston, Fun!23, 15, 4, 
539, Michael, Martinez, 3447.87, 5, true, michaelmartinez, Fun!23, 24, 5, 
110, Travis, Mcdonald, 4699.61, 5, true, travismcdonald, Fun!23, 15, 5, 
746, Monica, Craig, 2661.93, 15, false, monicacraig, Fun!23, 60, 15, 
772, Sean, Smith, 10637.21, 7, false, seansmith, Fun!23, 26, 7, 
411, Rachel, Roberson, 2207.21, 5, false, rachelroberson, Fun!23, 24, 5, 
529, Ryan, Brown, 4501.04, 9, true, ryanbrown, Fun!23, 42, 9, 
185, Cody, Scott, 1650.14, 6, false, codyscott, Fun!23, 26, 6, 
332, Alexander, Cameron, 7141.54, 6, false, alexandercameron, Fun!23, 27, 6, 
618, Tyler, Baxter, 4437.36, 9, true, tylerbaxter, Fun!23, 44, 9, 
325, Melissa, Rivera, 8515.15, 8, false, melissarivera, Fun!23, 35, 8, 
753, Elizabeth, Torres, 3882.73, 7, true, elizabethtorres, Fun!23, 26, 7, 
832, Michael, Williamson, 1369.88, 5, true, michaelwilliamson, Fun!23, 17, 5, 
633, Mercedes, Nichols, 10540.18, 9, true, mercedesnichols, Fun!23, 33, 9, 
750, Nicole, Hart, 5964.04, 3, true, nicolehart, Fun!23, 9, 3, 
3, Minnie, Mouse, 3619.94, 5, false, minniemouse, Fun!23, 22, 5, 
669, Nicholas, Jackson, 4355.34, 11, false, nicholasjackson, Fun!23, 48, 11, 
806, Jonathan, Martinez, 7148.39, 7, false, jonathanmartinez, Fun!23, 27, 7, 
380, Teresa, Jacobs, 7282.48, 6, false, teresajacobs, Fun!23, 29, 6, 
790, Timothy, Johnson, 1454.52, 9, true, timothyjohnson, Fun!23, 28, 9, 
672, Ashley, Walker, 5971.03, 10, false, ashleywalker, Fun!23, 46, 10, 
693, Timothy, Bernard, 7015.95, 14, true, timothybernard, Fun!23, 56, 14, 
885, Kelly, Herring, 5727.54, 6, true, kellyherring, Fun!23, 24, 6, 
734, Christopher, Underwood, 10215.73, 6, true, christopherunderwood, Fun!23, 20, 6, 
392, Donna, Travis, 5679.96, 7, false, donnatravis, Fun!23, 28, 7, 
179, Richard, Brown, 6866.63, 4, false, richardbrown, Fun!23, 19, 4, 
886, Joseph, Davis, 9254.24, 8, true, josephdavis, Fun!23, 31, 8, 
337, Emma, Armstrong, 6330.64, 4, false, emmaarmstrong, Fun!23, 15, 4, 
826, Crystal, Hayes, 12685.08, 12, false, crystalhayes, Fun!23, 47, 12, 
259, Chris, Holden, 4803.80, 6, true, chrisholden, Fun!23, 18, 6, 
102, Katherine, Evans, 4480.60, 4, true, katherineevans, Fun!23, 19, 4, 
957, Becky, Simpson, 6343.68, 6, false, beckysimpson, Fun!23, 27, 6, 
519, Margaret, Smith, 4600.89, 7, true, margaretsmith, Fun!23, 37, 7, 
809, Emily, Estes, 7587.17, 7, true, emilyestes, Fun!23, 32, 7, 
745, Jared, Scott, 81.22, 5, true, jaredscott, Fun!23, 25, 5, 
868, Kenneth, House, 10593.09, 8, true, kennethhouse, Fun!23, 36, 8, 
887, Stephanie, Williams, 2564.85, 8, true, stephaniewilliams, Fun!23, 31, 8, 
906, Anthony, Kramer, 7751.49, 11, true, anthonykramer, Fun!23, 46, 11, 
343, Brian, Hayes, 8322.94, 5, false, brianhayes, Fun!23, 16, 5, 
824, James, Simpson, 9897.90, 6, true, jamessimpson, Fun!23, 19, 6, 
711, Teresa, Stewart, 10296.64, 5, true, teresastewart, Fun!23, 17, 5, 
208, Shirley, Foster, 10500.66, 5, false, shirleyfoster, Fun!23, 25, 5, 
1005, Elizabeth, Jackson, 6249.50, 4, false, elizabethjackson, Fun!23, 11, 4, 
636, Crystal, Young, 7000.96, 12, true, crystalyoung, Fun!23, 42, 12, 
840, Victor, Anderson, 8975.94, 1, true, victoranderson, Fun!23, 2, 1, 
761, Sara, Fox, 12476.96, 8, false, sarafox, Fun!23, 31, 8, 
697, Perry, Hill, 8020.72, 9, false, perryhill, Fun!23, 33, 9, 
926, Ruth, Ponce, 4810.89, 9, false, ruthponce, Fun!23, 37, 9, 
133, Daniel, Hampton, 4478.23, 8, false, danielhampton, Fun!23, 25, 8, 
783, Keith, Christensen, 4542.98, 10, false, keithchristensen, Fun!23, 36, 10, 
871, Joseph, Robinson, 507.78, 7, true, josephrobinson, Fun!23, 25, 7, 
909, Kelly, Wilson, 4808.62, 4, true, kellywilson, Fun!23, 13, 4, 
378, Mary, Stevens, 7543.56, 6, false, marystevens, Fun!23, 23, 6, 
782, Richard, Paul, 11268.69, 5, false, richardpaul, Fun!23, 20, 5, 
260, Matthew, Erickson, 6464.80, 3, false, matthewerickson, Fun!23, 10, 3, 
54, Menda, Dorji, 6166.05, 10, false, mendadorji, Fun!23, 35, 10, 
213, Susan, Alvarez, 1972.15, 8, true, susanalvarez, Fun!23, 32, 8, 
193, Olivia, Romero, 6719.46, 6, true, oliviaromero, Fun!23, 26, 6, 
921, Gregory, Short, 10951.85, 3, true, gregoryshort, Fun!23, 11, 3, 
351, Donald, Haynes, 2925.61, 9, true, donaldhaynes, Fun!23, 34, 9, 
847, Amy, Parsons, 9445.01, 8, false, amyparsons, Fun!23, 31, 8, 
394, Keith, Ellis, 1064.08, 6, true, keithellis, Fun!23, 21, 6, 
347, Christina, Wheeler, 189.85, 1, true, christinawheeler, Fun!23, 6, 1, 
119, Brittany, Hawkins, 7922.92, 7, true, brittanyhawkins, Fun!23, 27, 7, 
356, Elizabeth, Cordova, 10410.91, 7, false, elizabethcordova, Fun!23, 27, 7, 
16, Woody, Disney, 953.12, 11, true, woodydisney, Fun!23, 45, 11, 
473, Angela, Mcintyre, 2665.62, 7, false, angelamcintyre, Fun!23, 27, 7, 
199, James, Nolan, 4360.23, 5, true, jamesnolan, Fun!23, 27, 5, 
569, Misty, Jimenez, 7717.35, 5, false, mistyjimenez, Fun!23, 15, 5, 
857, Kevin, Harrison, 13600.64, 7, false, kevinharrison, Fun!23, 27, 7, 
862, Mark, Gonzalez, 952.96, 6, false, markgonzalez, Fun!23, 20, 6, 
715, Joshua, Banks, 2164.28, 11, false, joshuabanks, Fun!23, 49, 11, 
680, Linda, Rodriguez, 11910.35, 4, false, lindarodriguez, Fun!23, 18, 4, 
634, Beth, Sharp, 11988.58, 8, true, bethsharp, Fun!23, 25, 8, 
340, Ricky, Thompson, 7538.27, 9, false, rickythompson, Fun!23, 39, 9, 
108, Chelsea, Gallagher, 3408.07, 11, false, chelseagallagher, Fun!23, 44, 11, 
520, Michael, Morton, 12267.97, 8, false, michaelmorton, Fun!23, 33, 8, 
692, Travis, Burton, 9266.07, 3, false, travisburton, Fun!23, 16, 3, 
359, Amber, Brown, 9565.02, 6, false, amberbrown, Fun!23, 27, 6, 
437, Patrick, Larsen, 10234.52, 8, true, patricklarsen, Fun!23, 32, 8, 
823, Joseph, Fritz, 6009.79, 6, true, josephfritz, Fun!23, 24, 6, 
621, Natalie, Richardson, 6554.62, 6, true, natalierichardson, Fun!23, 24, 6, 
620, Jared, Perry, 8526.45, 8, true, jaredperry, Fun!23, 27, 8, 
882, Christina, Villanueva, 6560.68, 5, true, christinavillanueva, Fun!23, 18, 5, 
19, Ursela, Mermaid, 21.90, 12, true, urselamermaid, Fun!23, 51, 12, 
740, Henry, Salazar, 10637.82, 7, false, henrysalazar, Fun!23, 29, 7, 
495, Darlene, Shaw, 8336.38, 5, true, darleneshaw, Fun!23, 19, 5, 
200, Sharon, Miller, 9707.80, 10, false, sharonmiller, Fun!23, 43, 10, 
503, Debra, Blackwell, 9337.87, 8, false, debrablackwell, Fun!23, 31, 8, 
59, Rosa, Gonzalez, 9920.95, 7, false, rosagonzalez, Fun!23, 37, 7, 
853, Nicholas, Smith, 9843.53, 2, false, nicholassmith, Fun!23, 7, 2, 
730, John, Jones, 4436.62, 6, true, johnjones, Fun!23, 23, 6, 
902, Christina, Carter, 5458.03, 8, true, christinacarter, Fun!23, 33, 8, 
449, Gerald, Baker, 10595.23, 8, true, geraldbaker, Fun!23, 27, 8, 
784, Patrick, Bennett, 1972.75, 10, true, patrickbennett, Fun!23, 36, 10, 
677, Jason, Lee, 6140.81, 7, false, jasonlee, Fun!23, 27, 7, 
593, Anthony, Brooks, 11177.99, 4, true, anthonybrooks, Fun!23, 17, 4, 
453, Michelle, Sexton, 8084.59, 7, true, michellesexton, Fun!23, 28, 7, 
608, Amber, Nguyen, 4361.88, 6, true, ambernguyen, Fun!23, 19, 6, 
353, Kenneth, Smith, 2217.42, 10, true, kennethsmith, Fun!23, 41, 10, 
8, Cinderella, Disney, 5278.86, 3, true, cinderelladisney, Fun!23, 13, 3, 
316, Brenda, Douglas, 6284.72, 9, false, brendadouglas, Fun!23, 35, 9, 
68, Esteban, LozanoLopez, 2141.45, 7, false, estebanlozanolopez, Fun!23, 26, 7, 
281, Lauren, Hall, 6997.24, 15, true, laurenhall, Fun!23, 64, 15, 
107, Theresa, Obrien, 2269.81, 7, true, theresaobrien, Fun!23, 30, 7, 
574, Danielle, Gardner, 2989.58, 6, true, daniellegardner, Fun!23, 32, 6, 
813, Brandi, Daniel, 6002.17, 6, false, brandidaniel, Fun!23, 23, 6, 
390, Norman, Freeman, 587.37, 9, false, normanfreeman, Fun!23, 32, 9, 
177, Shannon, Holden, 12291.40, 8, true, shannonholden, Fun!23, 30, 8, 
487, Steven, Owens, 2964.40, 5, true, stevenowens, Fun!23, 21, 5, 
190, James, Hammond, 1764.31, 12, true, jameshammond, Fun!23, 51, 12, 
641, Krista, Lambert, 3298.46, 9, false, kristalambert, Fun!23, 36, 9, 
174, Samuel, Harrington, 2346.90, 7, true, samuelharrington, Fun!23, 29, 7, 
542, Amanda, Vang, 869.99, 14, true, amandavang, Fun!23, 53, 14, 
416, Nicole, Johnson, 11887.22, 8, true, nicolejohnson, Fun!23, 26, 8, 
559, Jake, Mitchell, 3823.25, 10, true, jakemitchell, Fun!23, 43, 10, 
759, Tiffany, Jones, 2529.26, 6, false, tiffanyjones, Fun!23, 23, 6, 
319, Brian, Jacobson, 8609.87, 9, true, brianjacobson, Fun!23, 34, 9, 
364, Peggy, Murphy, 3281.17, 7, false, peggymurphy, Fun!23, 29, 7, 
980, Mariah, Black, 3618.63, 13, true, mariahblack, Fun!23, 60, 13, 
663, Scott, Dunn, 6655.72, 7, true, scottdunn, Fun!23, 32, 7, 
210, Brian, Jensen, 3127.21, 7, true, brianjensen, Fun!23, 31, 7, 
404, Anita, Stein, 11658.64, 4, true, anitastein, Fun!23, 17, 4, 
830, Michael, Prince, 5645.36, 6, false, michaelprince, Fun!23, 17, 6, 
436, Samantha, Thomas, 11765.19, 5, true, samanthathomas, Fun!23, 20, 5, 
878, Jennifer, Davidson, 12300.57, 7, true, jenniferdavidson, Fun!23, 25, 7, 
39, Diana, Garcia, 14552.84, 3, true, dianagarcia, Fun!23, 9, 3, 
114, Kirsten, Robinson, 3966.99, 11, true, kirstenrobinson, Fun!23, 45, 11, 
218, Cesar, Jones, 7623.86, 11, false, cesarjones, Fun!23, 47, 11, 
161, Lauren, Neal, 6207.66, 6, false, laurenneal, Fun!23, 19, 6, 
533, Jenna, Chase, 3891.33, 5, false, jennachase, Fun!23, 19, 5, 
203, Mark, Lozano, 7687.57, 7, false, marklozano, Fun!23, 26, 7, 
421, Doris, Moore, 10071.01, 8, true, dorismoore, Fun!23, 30, 8, 
889, Jesse, Dunn, 5571.93, 3, true, jessedunn, Fun!23, 15, 3, 
395, Anthony, Sims, 6593.64, 6, true, anthonysims, Fun!23, 21, 6, 
768, Brandy, Wilkerson, 7919.12, 11, false, brandywilkerson, Fun!23, 38, 11, 
589, Jeff, Ray, 7993.69, 4, true, jeffray, Fun!23, 16, 4, 
555, Brittany, Weaver, 6820.76, 10, false, brittanyweaver, Fun!23, 38, 10, 
604, Antonio, Edwards, 2613.56, 5, true, antonioedwards, Fun!23, 19, 5, 
96, Stephanie, Mcdonald, 3777.81, 13, false, stephaniemcdonald, Fun!23, 40, 13, 
602, Brian, Gates, 10475.19, 6, false, briangates, Fun!23, 29, 6, 
678, Lisa, Miller, 4281.12, 7, false, lisamiller, Fun!23, 24, 7, 
1017, James, Mitchell, 6572.26, 4, false, jamesmitchell, Fun!23, 17, 4, 
796, Erin, Mejia, 3692.71, 7, true, erinmejia, Fun!23, 32, 7, 
904, Melissa, Evans, 13013.92, 5, false, melissaevans, Fun!23, 21, 5, 
884, Emily, Cole, 3610.10, 8, true, emilycole, Fun!23, 37, 8, 
607, Linda, Robles, 7740.66, 9, false, lindarobles, Fun!23, 39, 9, 
791, Alyssa, Kelly, 504.38, 8, false, alyssakelly, Fun!23, 38, 8, 
268, Michelle, Jones, 12002.42, 6, false, michellejones, Fun!23, 20, 6, 
829, Mark, Thompson, 12909.84, 6, true, markthompson, Fun!23, 23, 6, 
72, Arim, MartinDelCampo, 10830.15, 5, true, arimmartindelcampo, Fun!23, 25, 5, 
206, Donna, Allen, 9969.29, 8, true, donnaallen, Fun!23, 27, 8, 
811, Casey, Navarro, 1531.46, 4, true, caseynavarro, Fun!23, 17, 4, 
388, Joseph, Brooks, 12728.56, 7, false, josephbrooks, Fun!23, 31, 7, 
197, Samantha, Howell, 4981.92, 4, true, samanthahowell, Fun!23, 14, 4, 
587, Cynthia, Powell, 6077.01, 7, false, cynthiapowell, Fun!23, 31, 7, 
223, Christian, Smith, 8629.31, 4, false, christiansmith, Fun!23, 19, 4, 
749, Rebecca, Fisher, 3621.09, 7, false, rebeccafisher, Fun!23, 23, 7, 
892, Matthew, Mason, 1009.68, 13, false, matthewmason, Fun!23, 54, 13, 
676, Jason, Clark, 5696.44, 5, false, jasonclark, Fun!23, 25, 5, 
588, Joseph, Macdonald, 5224.12, 7, false, josephmacdonald, Fun!23, 22, 7, 
172, Jill, Henderson, 3962.93, 9, true, jillhenderson, Fun!23, 31, 9, 
191, Michelle, Maldonado, 4094.25, 8, false, michellemaldonado, Fun!23, 27, 8, 
288, Nicole, Harvey, 287.26, 10, true, nicoleharvey, Fun!23, 38, 10, 
45, Andre, Avila, 3503.50, 5, false, andreavila, Fun!23, 17, 5, 
480, Michelle, Wood, 13088.94, 7, true, michellewood, Fun!23, 26, 7, 
52, Jared, DeLosReyes, 978.22, 6, true, jareddelosreyes, Fun!23, 24, 6, 
848, Philip, Holt, 4450.60, 5, true, philipholt, Fun!23, 22, 5, 
481, Derek, Irwin, 4647.01, 11, true, derekirwin, Fun!23, 43, 11, 
160, Susan, Hill, 359.05, 10, true, susanhill, Fun!23, 41, 10, 
922, Dana, Park, 5.48, 6, true, danapark, Fun!23, 24, 6, 
461, Kevin, Larson, 3107.14, 9, true, kevinlarson, Fun!23, 44, 9, 
501, Louis, Boone, 6349.19, 8, false, louisboone, Fun!23, 37, 8, 
226, Roberto, Gutierrez, 5284.02, 9, false, robertogutierrez, Fun!23, 35, 9, 
794, Mark, Stewart, 2371.88, 6, true, markstewart, Fun!23, 26, 6, 
695, Andrew, Atkins, 11370.99, 6, true, andrewatkins, Fun!23, 15, 6, 
984, Luis, Solomon, 11614.04, 8, true, luissolomon, Fun!23, 36, 8, 
1015, John, Sanders, 3843.99, 6, false, johnsanders, Fun!23, 30, 6, 
721, Jorge, Haley, 11039.47, 7, false, jorgehaley, Fun!23, 24, 7, 
652, James, Anderson, 5194.54, 4, true, jamesanderson, Fun!23, 15, 4, 
225, Ariana, Lara, 6250.55, 4, true, arianalara, Fun!23, 16, 4, 
810, Melissa, Johnson, 11704.06, 5, false, melissajohnson, Fun!23, 24, 5, 
1008, Courtney, Olsen, 9236.06, 7, true, courtneyolsen, Fun!23, 23, 7, 
275, Allison, Chang, 10448.38, 5, false, allisonchang, Fun!23, 15, 5, 
556, Rodney, Berg, 4165.71, 11, false, rodneyberg, Fun!23, 47, 11, 
1038, Kendra, Sawyer, 4485.16, 7, true, kendrasawyer, Fun!23, 31, 7, 
60, Saul, Gonzalez, 4480.08, 7, true, saulgonzalez, Fun!23, 28, 7, 
864, Sherry, Mora, 5602.17, 7, false, sherrymora, Fun!23, 28, 7, 
373, Jeffrey, Gonzalez, 6827.45, 5, false, jeffreygonzalez, Fun!23, 19, 5, 
333, Kevin, Scott, 24.38, 3, true, kevinscott, Fun!23, 11, 3, 
502, Amy, Mcpherson, 5268.76, 6, true, amymcpherson, Fun!23, 24, 6, 
598, Darin, Baker, 2448.90, 6, true, darinbaker, Fun!23, 26, 6, 
622, Erika, Lopez, 56.64, 2, false, erikalopez, Fun!23, 8, 2, 
681, Kenneth, Davis, 12449.38, 3, false, kennethdavis, Fun!23, 8, 3, 
155, Dylan, Harris, 5553.57, 10, true, dylanharris, Fun!23, 40, 10, 
182, Kimberly, Richardson, 7861.47, 6, false, kimberlyrichardson, Fun!23, 26, 6, 
301, Lance, Dominguez, 12541.34, 5, true, lancedominguez, Fun!23, 22, 5, 
406, Ricardo, Rodriguez, 4483.64, 5, false, ricardorodriguez, Fun!23, 24, 5, 
764, William, Rice, 7202.26, 7, true, williamrice, Fun!23, 30, 7, 
183, Emily, Richardson, 3035.19, 9, true, emilyrichardson, Fun!23, 36, 9, 
572, Brandon, Dillon, 10376.94, 6, true, brandondillon, Fun!23, 25, 6, 
14, Aurora, Disney, 2313.01, 12, true, auroradisney, Fun!23, 47, 12, 
493, Matthew, Porter, 6458.23, 6, true, matthewporter, Fun!23, 20, 6, 
320, Francisco, Moore, 6300.72, 9, false, franciscomoore, Fun!23, 36, 9, 
908, Victoria, Ellis, 4691.90, 8, true, victoriaellis, Fun!23, 28, 8, 
648, Joanna, Knight, 4455.50, 7, true, joannaknight, Fun!23, 31, 7, 
614, Vanessa, Watson, 7060.36, 7, false, vanessawatson, Fun!23, 28, 7, 
546, Courtney, Tran, 2109.09, 5, true, courtneytran, Fun!23, 20, 5, 
817, Andrew, Norris, 7825.46, 9, false, andrewnorris, Fun!23, 34, 9, 
78, Cristian, Pedroza, 6386.92, 3, true, cristianpedroza, Fun!23, 9, 3, 
548, Kathleen, Hines, 3582.67, 7, true, kathleenhines, Fun!23, 28, 7, 
163, Haley, Moss, 4330.86, 8, true, haleymoss, Fun!23, 38, 8, 
130, Shane, Miller, 12710.36, 10, true, shanemiller, Fun!23, 40, 10, 
238, Anna, Gutierrez, 10328.96, 8, false, annagutierrez, Fun!23, 33, 8, 
365, Edward, Johnson, 8865.92, 3, true, edwardjohnson, Fun!23, 12, 3, 
788, Teresa, Taylor, 10506.25, 5, false, teresataylor, Fun!23, 24, 5, 
444, Brandon, Smith, 11572.34, 4, false, brandonsmith, Fun!23, 19, 4, 
131, Kimberly, Kline, 3702.17, 6, false, kimberlykline, Fun!23, 27, 6, 
97, Daniel, Olson, 1640.05, 7, false, danielolson, Fun!23, 29, 7, 
350, Sarah, Mosley, 5210.05, 6, true, sarahmosley, Fun!23, 26, 6, 
272, Mark, Richards, 8252.80, 8, true, markrichards, Fun!23, 31, 8, 
973, John, Hansen, 7460.42, 6, true, johnhansen, Fun!23, 23, 6, 
413, John, White, 4563.81, 5, false, johnwhite, Fun!23, 15, 5, 
510, Steven, Hernandez, 8154.81, 2, false, stevenhernandez, Fun!23, 6, 2, 
28, Kaa, Disney, 5695.50, 8, false, kaadisney, Fun!23, 28, 8, 
37, Daniel, Mejia, 3506.93, 6, false, danielmejia, Fun!23, 25, 6, 
947, Ronald, Martinez, 4688.24, 6, true, ronaldmartinez, Fun!23, 24, 6, 
1007, Laura, Williams, 5345.87, 7, true, laurawilliams, Fun!23, 27, 7, 
417, Adam, Bass, 7968.31, 6, true, adambass, Fun!23, 20, 6, 
858, Karl, Davis, 1682.17, 11, true, karldavis, Fun!23, 39, 11, 
1009, Beth, Moss, 4280.30, 7, true, bethmoss, Fun!23, 26, 7, 
834, Marcia, Snyder, 5289.14, 6, true, marciasnyder, Fun!23, 27, 6, 
1023, Kristen, Martinez, 7584.94, 1, false, kristenmartinez, Fun!23, 6, 1, 
50, Angel, Coronel, 1719.49, 10, false, angelcoronel, Fun!23, 41, 10, 
463, Gary, Miller, 8374.70, 4, false, garymiller, Fun!23, 15, 4, 
1002, David, Johnson, 4907.47, 5, true, davidjohnson, Fun!23, 25, 5, 
166, Julie, Alexander, 3055.93, 8, false, juliealexander, Fun!23, 36, 8, 
630, Derek, Lopez, 14293.18, 4, true, dereklopez, Fun!23, 18, 4, 
34, Mulan, Disney, 1716.64, 8, false, mulandisney, Fun!23, 36, 8, 
751, Howard, Davenport, 5306.31, 6, true, howarddavenport, Fun!23, 20, 6, 
918, Steven, Miller, 7885.05, 10, false, stevenmiller, Fun!23, 47, 10, 
955, Ryan, Washington, 8208.21, 9, true, ryanwashington, Fun!23, 32, 9, 
586, James, Morgan, 791.98, 7, true, jamesmorgan, Fun!23, 25, 7, 
158, Michael, Moran, 7728.13, 5, true, michaelmoran, Fun!23, 14, 5, 
241, James, Henderson, 1106.58, 8, true, jameshenderson, Fun!23, 31, 8, 
543, Angela, Walker, 1681.47, 10, true, angelawalker, Fun!23, 48, 10, 
312, Jenny, Henry, 1102.62, 6, true, jennyhenry, Fun!23, 25, 6, 
709, Douglas, Hernandez, 575.44, 7, false, douglashernandez, Fun!23, 26, 7, 
471, Eric, Ramos, 5199.39, 11, true, ericramos, Fun!23, 48, 11, 
771, Alexis, Black, 12632.79, 7, true, alexisblack, Fun!23, 24, 7, 
91, Brad, Patel, 3817.84, 8, true, bradpatel, Fun!23, 27, 8, 
601, Shannon, White, 601.75, 8, true, shannonwhite, Fun!23, 27, 8, 
254, Jessica, Martin, 5437.44, 10, true, jessicamartin, Fun!23, 52, 10, 
742, Rodney, Mcneil, 8328.03, 7, true, rodneymcneil, Fun!23, 25, 7, 
844, Jacob, Norton, 390.41, 6, false, jacobnorton, Fun!23, 23, 6, 
21, Belle, Disney, 9535.61, 9, false, belledisney, Fun!23, 30, 9, 
346, Benjamin, Johnson, 12079.21, 6, false, benjaminjohnson, Fun!23, 21, 6, 
122, James, King, 1881.87, 12, false, jamesking, Fun!23, 41, 12, 
960, Ashley, Morales, 2342.00, 6, true, ashleymorales, Fun!23, 32, 6, 
342, Jeffrey, Sloan, 13231.58, 5, true, jeffreysloan, Fun!23, 24, 5, 
448, Alexis, Shea, 962.66, 9, true, alexisshea, Fun!23, 39, 9, 
631, Kayla, Smith, 11784.79, 6, false, kaylasmith, Fun!23, 32, 6, 
653, Loretta, Phillips, 8168.59, 14, true, lorettaphillips, Fun!23, 62, 14, 
907, Carlos, Irwin, 9756.16, 6, true, carlosirwin, Fun!23, 21, 6, 
698, Mary, Lee, 4533.19, 7, false, marylee, Fun!23, 26, 7, 
98, Christopher, Contreras, 1618.08, 8, true, christophercontreras, Fun!23, 25, 8, 
705, Gary, Smith, 6637.33, 5, true, garysmith, Fun!23, 18, 5, 
795, Debra, Raymond, 3500.64, 6, true, debraraymond, Fun!23, 22, 6, 
303, Gloria, Page, 12016.29, 6, true, gloriapage, Fun!23, 32, 6, 
578, David, Costa, 3718.08, 5, false, davidcosta, Fun!23, 20, 5, 
295, Jeffrey, Luna, 12687.66, 10, false, jeffreyluna, Fun!23, 39, 10, 
691, John, Blevins, 4526.61, 7, true, johnblevins, Fun!23, 26, 7, 
229, Shannon, Avery, 9659.49, 8, false, shannonavery, Fun!23, 34, 8, 
609, Rick, Parrish, 5975.13, 5, true, rickparrish, Fun!23, 24, 5, 
279, Mary, Church, 3348.28, 8, true, marychurch, Fun!23, 31, 8, 
1018, Thomas, Stevenson, 13358.64, 5, false, thomasstevenson, Fun!23, 15, 5, 
148, Nancy, Morgan, 5754.91, 8, false, nancymorgan, Fun!23, 34, 8, 
330, Jordan, Wilson, 4807.52, 3, true, jordanwilson, Fun!23, 14, 3, 
154, Richard, Blackwell, 713.59, 7, false, richardblackwell, Fun!23, 23, 7, 
927, Mary, Grant, 3611.28, 10, false, marygrant, Fun!23, 43, 10, 
1004, Tammy, Thomas, 953.21, 8, true, tammythomas, Fun!23, 32, 8, 
820, Felicia, Carlson, 162.97, 8, false, feliciacarlson, Fun!23, 33, 8, 
209, Jeffrey, Delgado, 1972.30, 7, false, jeffreydelgado, Fun!23, 21, 7, 
357, Christopher, Jones, 3861.50, 10, false, christopherjones, Fun!23, 47, 10, 
1029, Vanessa, Carson, 12398.68, 6, true, vanessacarson, Fun!23, 22, 6, 
156, Philip, Zamora, 4904.54, 6, true, philipzamora, Fun!23, 18, 6, 
804, Michelle, Maynard, 4.69, 10, false, michellemaynard, Fun!23, 42, 10, 
786, Tracy, Fitzgerald, 3274.54, 7, true, tracyfitzgerald, Fun!23, 28, 7, 
153, Stephanie, Harris, 12336.71, 8, false, stephanieharris, Fun!23, 23, 8, 
398, Scott, Rose, 3212.39, 5, true, scottrose, Fun!23, 23, 5, 
176, James, Pittman, 6495.57, 9, true, jamespittman, Fun!23, 45, 9, 
660, Steven, Hartman, 10303.51, 7, true, stevenhartman, Fun!23, 29, 7, 
432, Rita, Owens, 11627.25, 4, false, ritaowens, Fun!23, 14, 4, 
274, Robert, Davis, 4171.17, 5, true, robertdavis, Fun!23, 15, 5, 
58, Jacob, Gonzalez, 12287.82, 8, true, jacobgonzalez, Fun!23, 31, 8, 
972, Terrence, Dixon, 251.50, 12, false, terrencedixon, Fun!23, 54, 12, 
1010, Charles, Chambers, 7434.40, 4, false, charleschambers, Fun!23, 17, 4, 
94, Brittany, Andrews, 10086.64, 6, false, brittanyandrews, Fun!23, 26, 6, 
625, Heather, Cunningham, 1457.03, 10, false, heathercunningham, Fun!23, 43, 10, 
345, Caroline, Torres, 757.77, 7, false, carolinetorres, Fun!23, 24, 7, 
696, Jeffrey, Best, 6217.20, 10, true, jeffreybest, Fun!23, 41, 10, 
324, Cheryl, Wilson, 8776.92, 9, true, cherylwilson, Fun!23, 28, 9, 
141, Sean, Medina, 4134.87, 10, false, seanmedina, Fun!23, 37, 10, 
438, Emily, Brady, 7585.34, 9, false, emilybrady, Fun!23, 38, 9, 
1036, Cory, Byrd, 8937.31, 7, true, corybyrd, Fun!23, 32, 7, 
389, Anthony, Hardin, 7290.19, 8, false, anthonyhardin, Fun!23, 30, 8, 
561, Joel, Welch, 6447.56, 3, true, joelwelch, Fun!23, 11, 3, 
408, Kayla, Mahoney, 817.04, 7, true, kaylamahoney, Fun!23, 33, 7, 
571, Robert, Leblanc, 5952.11, 7, false, robertleblanc, Fun!23, 31, 7, 
538, Lisa, Robinson, 7336.10, 7, false, lisarobinson, Fun!23, 25, 7, 
651, Melissa, Mcdonald, 1754.01, 6, true, melissamcdonald, Fun!23, 22, 6, 
1013, Austin, Lewis, 4785.16, 7, false, austinlewis, Fun!23, 25, 7, 
962, Christopher, Berry, 6562.05, 7, true, christopherberry, Fun!23, 33, 7, 
287, Dustin, Oliver, 2403.61, 3, true, dustinoliver, Fun!23, 13, 3, 
38, Ali, Nouri, 4234.09, 9, false, alinouri, Fun!23, 37, 9, 
498, Jessica, Frye, 7607.31, 5, false, jessicafrye, Fun!23, 18, 5, 
291, Mary, Cruz, 1828.06, 5, false, marycruz, Fun!23, 24, 5, 
447, Jennifer, Copeland, 5470.05, 10, true, jennifercopeland, Fun!23, 33, 10, 
731, Allison, Weaver, 5997.47, 9, false, allisonweaver, Fun!23, 37, 9, 
647, Holly, Schneider, 3760.69, 4, false, hollyschneider, Fun!23, 20, 4, 
958, Alexandra, Cook, 7876.43, 5, false, alexandracook, Fun!23, 13, 5, 
699, Julia, Young, 4828.69, 8, false, juliayoung, Fun!23, 41, 8, 
499, Bruce, Clark, 7334.62, 4, false, bruceclark, Fun!23, 16, 4, 
20, Beast, Disney, 5696.68, 10, false, beastdisney, Fun!23, 37, 10, 
706, Thomas, Sanders, 5172.71, 7, true, thomassanders, Fun!23, 26, 7, 
29, Evil, Queen, 1825.79, 14, true, evilqueen, Fun!23, 46, 14, 
627, Sherri, Armstrong, 1754.73, 3, true, sherriarmstrong, Fun!23, 12, 3, 
584, Sheri, Adams, 1833.31, 5, false, sheriadams, Fun!23, 21, 5, 
234, Samantha, May, 8399.31, 7, true, samanthamay, Fun!23, 26, 7, 
235, Joseph, Lewis, 73.76, 6, false, josephlewis, Fun!23, 26, 6, 
138, Thomas, Clark, 3377.59, 6, false, thomasclark, Fun!23, 24, 6, 
901, Penny, Mcdaniel, 808.89, 7, false, pennymcdaniel, Fun!23, 25, 7, 
30, Pinocchio, Disney, 6169.45, 6, false, pinocchiodisney, Fun!23, 29, 6, 
468, Theresa, Hardy, 2842.84, 7, false, theresahardy, Fun!23, 26, 7, 
852, Michael, Clarke, 9247.37, 10, true, michaelclarke, Fun!23, 40, 10, 
360, Antonio, Brooks, 7892.59, 10, false, antoniobrooks, Fun!23, 39, 10, 
638, Donald, Tran, 11796.07, 5, true, donaldtran, Fun!23, 18, 5, 
273, Shannon, Bennett, 5014.47, 3, false, shannonbennett, Fun!23, 14, 3, 
25, Gaston, Disney, 4762.70, 7, false, gastondisney, Fun!23, 34, 7, 
762, Jeremy, Foster, 3973.51, 8, false, jeremyfoster, Fun!23, 25, 8, 
178, Renee, Zimmerman, 11076.93, 10, false, reneezimmerman, Fun!23, 36, 10, 
222, Kelly, Yu, 5464.05, 6, false, kellyyu, Fun!23, 25, 6, 
42, Enrique, Aguilar, 4006.90, 5, true, enriqueaguilar, Fun!23, 17, 5, 
865, Jody, Sanchez, 12292.09, 4, false, jodysanchez, Fun!23, 12, 4, 
894, Justin, Hawkins, 5059.88, 5, true, justinhawkins, Fun!23, 18, 5, 
987, Carmen, Petersen, 14399.73, 1, false, carmenpetersen, Fun!23, 3, 1, 
518, Christopher, Sanford, 13130.21, 9, true, christophersanford, Fun!23, 32, 9, 
294, Susan, Davis, 102.76, 7, true, susandavis, Fun!23, 29, 7, 
780, Michelle, Rivera, 7340.10, 8, true, michellerivera, Fun!23, 25, 8, 
646, Rose, Burgess, 9913.02, 7, true, roseburgess, Fun!23, 29, 7, 
819, Ann, Rogers, 7299.51, 7, false, annrogers, Fun!23, 33, 7, 
454, Kayla, Morgan, 8764.98, 6, false, kaylamorgan, Fun!23, 23, 6, 
562, Diana, Matthews, 11582.54, 5, false, dianamatthews, Fun!23, 22, 5, 
66, Roberto, Johnson, 2119.07, 12, true, robertojohnson, Fun!23, 50, 12, 
671, Jennifer, Schultz, 8297.31, 5, true, jenniferschultz, Fun!23, 21, 5, 
230, Joanna, Trevino, 5572.09, 4, false, joannatrevino, Fun!23, 12, 4, 
755, Megan, Smith, 7121.47, 8, true, megansmith, Fun!23, 34, 8, 
88, David, Vasquez, 2120.01, 8, true, davidvasquez, Fun!23, 34, 8, 
263, James, Romero, 2285.30, 5, true, jamesromero, Fun!23, 18, 5, 
557, Heidi, Page, 1930.12, 12, true, heidipage, Fun!23, 50, 12, 
517, Jamie, Conner, 3954.95, 7, false, jamieconner, Fun!23, 29, 7, 
754, Jeffrey, Rodriguez, 6828.13, 8, true, jeffreyrodriguez, Fun!23, 33, 8, 
807, Tanya, Johnson, 3919.59, 5, true, tanyajohnson, Fun!23, 24, 5, 
831, Craig, Fleming, 6774.79, 3, false, craigfleming, Fun!23, 10, 3, 
219, Kathryn, Perez, 9453.48, 6, false, kathrynperez, Fun!23, 21, 6, 
888, Jorge, Huerta, 7824.12, 9, false, jorgehuerta, Fun!23, 41, 9, 
323, Michelle, Ortiz, 2759.87, 6, true, michelleortiz, Fun!23, 27, 6, 
299, Ryan, Mcconnell, 8316.16, 7, false, ryanmcconnell, Fun!23, 20, 7, 
112, Renee, Bradley, 661.03, 11, true, reneebradley, Fun!23, 35, 11, 
48, Carlos, Cepeda, 7492.40, 12, true, carloscepeda, Fun!23, 54, 12, 
313, Matthew, Campbell, 12245.36, 7, true, matthewcampbell, Fun!23, 29, 7, 
703, Christopher, Davis, 10398.68, 3, false, christopherdavis, Fun!23, 13, 3, 
534, Michelle, Pruitt, 67.08, 7, true, michellepruitt, Fun!23, 28, 7, 
508, Tami, Weaver, 1144.87, 6, false, tamiweaver, Fun!23, 25, 6, 
304, Jasmine, Ramirez, 10252.79, 4, true, jasmineramirez, Fun!23, 15, 4, 
932, Kimberly, Miller, 7719.06, 5, true, kimberlymiller, Fun!23, 25, 5, 
202, Ethan, Holmes, 3745.64, 10, true, ethanholmes, Fun!23, 37, 10, 
475, Terri, Strickland, 6231.79, 7, false, terristrickland, Fun!23, 24, 7, 
994, Diana, Rivera, 691.10, 6, true, dianarivera, Fun!23, 21, 6, 
228, Brittany, Ray, 2956.88, 9, true, brittanyray, Fun!23, 41, 9, 
841, Dana, Miller, 4411.90, 13, true, danamiller, Fun!23, 57, 13, 
125, Megan, Noble, 3522.92, 7, true, megannoble, Fun!23, 28, 7, 
465, George, Wood, 6303.36, 8, false, georgewood, Fun!23, 32, 8, 
115, Douglas, Rodriguez, 4417.75, 10, false, douglasrodriguez, Fun!23, 40, 10, 
521, Noah, Horne, 6776.02, 7, true, noahhorne, Fun!23, 22, 7, 
370, Angel, Joseph, 12374.00, 8, false, angeljoseph, Fun!23, 31, 8, 
942, Paul, Herman, 28.51, 5, false, paulherman, Fun!23, 22, 5, 
532, Dennis, Reynolds, 13363.36, 5, false, dennisreynolds, Fun!23, 17, 5, 
919, Donald, Villanueva, 7910.86, 4, false, donaldvillanueva, Fun!23, 17, 4, 
877, Kenneth, Boyd, 8038.46, 6, false, kennethboyd, Fun!23, 24, 6, 
873, Sonia, Durham, 7653.51, 5, true, soniadurham, Fun!23, 12, 5, 
144, Richard, Torres, 1385.95, 9, false, richardtorres, Fun!23, 44, 9, 
1033, Taylor, Johnson, 1507.70, 7, false, taylorjohnson, Fun!23, 30, 7, 
551, Kelly, Harris, 6908.78, 6, false, kellyharris, Fun!23, 25, 6, 
836, Cynthia, Ellis, 7101.14, 5, true, cynthiaellis, Fun!23, 23, 5, 
760, Catherine, Mann, 13781.07, 7, true, catherinemann, Fun!23, 29, 7, 
816, Jennifer, Jones, 2816.47, 9, true, jenniferjones, Fun!23, 35, 9, 
617, Janet, Hughes, 4105.82, 10, false, janethughes, Fun!23, 34, 10, 
399, Jessica, Fernandez, 5033.12, 10, false, jessicafernandez, Fun!23, 31, 10, 
99, David, Brown, 6427.25, 5, false, davidbrown, Fun!23, 19, 5, 
881, Tyrone, Alvarado, 2939.62, 6, false, tyronealvarado, Fun!23, 27, 6, 
252, Barbara, Robertson, 10204.11, 6, true, barbararobertson, Fun!23, 25, 6, 
452, Ray, Booth, 360.41, 7, true, raybooth, Fun!23, 28, 7, 
159, Jason, Burke, 8721.17, 7, true, jasonburke, Fun!23, 26, 7, 
725, Jennifer, Guzman, 7869.27, 9, false, jenniferguzman, Fun!23, 33, 9, 
372, Rhonda, Kane, 923.69, 3, false, rhondakane, Fun!23, 16, 3, 
934, Phillip, Richardson, 2217.91, 11, false, philliprichardson, Fun!23, 49, 11, 
391, Devin, Diaz, 480.81, 4, true, devindiaz, Fun!23, 18, 4, 
401, Ruben, Edwards, 7427.75, 4, true, rubenedwards, Fun!23, 21, 4, 
419, Justin, Martinez, 7395.43, 9, true, justinmartinez, Fun!23, 40, 9, 
290, Kristy, Hoover, 9009.40, 8, false, kristyhoover, Fun!23, 24, 8, 
989, Timothy, Greene, 8813.43, 8, true, timothygreene, Fun!23, 29, 8, 
355, William, Wolf, 4951.33, 5, false, williamwolf, Fun!23, 22, 5, 
80, Ian, Ritter, 204.95, 7, false, ianritter, Fun!23, 26, 7, 
469, Barbara, Jones, 952.22, 5, true, barbarajones, Fun!23, 18, 5, 
959, Miranda, Walker, 6339.83, 11, true, mirandawalker, Fun!23, 36, 11, 
580, Cassandra, Cook, 2568.14, 9, true, cassandracook, Fun!23, 32, 9, 
371, Daniel, Foster, 5893.13, 7, false, danielfoster, Fun!23, 35, 7, 
637, Allen, Arnold, 2306.27, 3, false, allenarnold, Fun!23, 16, 3, 
1, Mickey, Mouse, 5448.49, 5, true, mickeymouse, Fun!23, 24, 5, 
249, Alejandra, Morris, 4547.88, 9, true, alejandramorris, Fun!23, 39, 9, 
215, Virginia, Phelps, 3823.89, 6, true, virginiaphelps, Fun!23, 24, 6, 
358, Robert, Wilson, 12346.15, 7, false, robertwilson, Fun!23, 26, 7, 
897, David, Clark, 2030.58, 10, false, davidclark, Fun!23, 47, 10, 
827, Jessica, Lloyd, 6434.86, 9, false, jessicalloyd, Fun!23, 27, 9, 
196, Nicole, Rowland, 855.05, 6, true, nicolerowland, Fun!23, 18, 6, 
484, Samantha, Cooper, 11512.77, 9, false, samanthacooper, Fun!23, 41, 9, 
967, Krista, Beck, 9256.10, 6, false, kristabeck, Fun!23, 23, 6, 
285, Chris, King, 8148.17, 10, true, chrisking, Fun!23, 44, 10, 
999, Lori, Livingston, 11853.29, 8, true, lorilivingston, Fun!23, 31, 8, 
255, Brooke, Padilla, 3057.59, 6, true, brookepadilla, Fun!23, 27, 6, 
977, Samuel, Burton, 5786.38, 7, false, samuelburton, Fun!23, 29, 7, 
920, Gary, Mckenzie, 100.63, 6, false, garymckenzie, Fun!23, 26, 6, 
544, Kylie, Summers, 3763.50, 8, false, kyliesummers, Fun!23, 34, 8, 
47, Adrian, Bonilla, 8985.81, 8, true, adrianbonilla, Fun!23, 25, 8, 
535, Sherri, Velasquez, 10972.10, 10, false, sherrivelasquez, Fun!23, 42, 10, 
69, Bryant, Luna, 8595.38, 8, true, bryantluna, Fun!23, 33, 8, 
615, Jerry, Smith, 12224.30, 5, true, jerrysmith, Fun!23, 18, 5, 
1020, Mark, Butler, 10886.58, 2, false, markbutler, Fun!23, 8, 2, 
339, Ronald, Kent, 5945.63, 7, true, ronaldkent, Fun!23, 24, 7, 
315, Jonathan, Christian, 193.27, 7, true, jonathanchristian, Fun!23, 24, 7, 
979, Marissa, Henry, 5550.78, 9, true, marissahenry, Fun!23, 30, 9, 
123, Pamela, Carter, 5969.53, 5, false, pamelacarter, Fun!23, 21, 5, 
67, Brayant, Lopez, 5453.50, 9, false, brayantlopez, Fun!23, 40, 9, 
261, Leroy, Walters, 13289.87, 8, true, leroywalters, Fun!23, 30, 8, 
656, Stephanie, Kirby, 9295.10, 9, false, stephaniekirby, Fun!23, 31, 9, 
61, Daniel, Guevara, 20.25, 5, true, danielguevara, Fun!23, 18, 5, 
180, Michael, Smith, 6073.47, 2, true, michaelsmith, Fun!23, 6, 2, 
872, Mindy, Ross, 5783.59, 8, true, mindyross, Fun!23, 24, 8, 
425, Mark, Lamb, 6327.78, 3, true, marklamb, Fun!23, 7, 3, 
717, Victor, Harris, 2176.39, 8, false, victorharris, Fun!23, 29, 8, 
723, Kelly, Jordan, 10489.48, 6, false, kellyjordan, Fun!23, 23, 6, 
900, Emily, Chang, 8873.29, 9, true, emilychang, Fun!23, 38, 9, 
998, Kimberly, Mejia, 11258.82, 6, true, kimberlymejia, Fun!23, 23, 6, 
665, Gabriel, Sanders, 6586.49, 5, false, gabrielsanders, Fun!23, 19, 5, 
100, Patrick, Henderson, 7157.11, 7, false, patrickhenderson, Fun!23, 36, 7, 
184, Michael, White, 4418.29, 5, false, michaelwhite, Fun!23, 20, 5, 
363, Christopher, Dominguez, 6936.59, 10, true, christopherdominguez, Fun!23, 37, 10, 
774, Lori, Johnson, 9896.99, 2, false, lorijohnson, Fun!23, 10, 2, 
128, Kyle, Hodges, 2967.93, 8, true, kylehodges, Fun!23, 36, 8, 
152, Marissa, Wagner, 4195.88, 5, true, marissawagner, Fun!23, 20, 5, 
139, Ashley, Romero, 10364.86, 7, false, ashleyromero, Fun!23, 24, 7, 
31, Prince, Eric, 4350.40, 5, true, princeeric, Fun!23, 23, 5, 
460, Anthony, Dalton, 4981.13, 3, false, anthonydalton, Fun!23, 11, 3, 
207, Amanda, Miller, 111.41, 7, false, amandamiller, Fun!23, 24, 7, 
165, Craig, Espinoza, 4023.14, 8, false, craigespinoza, Fun!23, 28, 8, 
739, Jerry, Gamble, 10383.46, 6, false, jerrygamble, Fun!23, 22, 6, 
581, Dana, Jones, 49.73, 9, true, danajones, Fun!23, 40, 9, 
348, Valerie, Moore, 7970.11, 8, true, valeriemoore, Fun!23, 25, 8, 
84, Ethan, Smith, 150.66, 9, true, ethansmith, Fun!23, 29, 9, 
63, Thomas, Guinto, 1545.79, 5, true, thomasguinto, Fun!23, 19, 5, 
245, Jeffrey, Marquez, 4519.40, 5, false, jeffreymarquez, Fun!23, 19, 5, 
53, Michelle, DiazDeLeonJimenez, 1243.82, 9, true, michellediazdeleonjimenez, Fun!23, 36, 9, 
4, Goofy, Disney, 5267.88, 8, false, goofydisney, Fun!23, 34, 8, 
338, Courtney, Johnson, 5163.25, 5, false, courtneyjohnson, Fun!23, 16, 5, 
643, Mark, Rogers, 5276.61, 6, true, markrogers, Fun!23, 24, 6, 
600, David, Harvey, 12696.14, 6, true, davidharvey, Fun!23, 26, 6, 
975, Donald, Ramirez, 6103.37, 6, true, donaldramirez, Fun!23, 28, 6, 
585, Heather, Little, 3263.04, 8, true, heatherlittle, Fun!23, 31, 8, 
170, Linda, Bennett, 3994.02, 7, false, lindabennett, Fun!23, 28, 7, 
491, Joe, Cochran, 6496.82, 7, false, joecochran, Fun!23, 28, 7, 
815, Alicia, Moran, 3044.42, 12, false, aliciamoran, Fun!23, 46, 12, 
307, Laura, Smith, 4213.04, 8, true, laurasmith, Fun!23, 34, 8, 
376, Lisa, Stafford, 282.50, 4, false, lisastafford, Fun!23, 16, 4, 
708, Thomas, Hall, 7603.45, 3, true, thomashall, Fun!23, 14, 3, 
420, Anthony, Hunter, 556.88, 6, true, anthonyhunter, Fun!23, 25, 6, 
257, Robert, Wu, 432.10, 8, true, robertwu, Fun!23, 37, 8, 
849, Alison, Hicks, 13473.65, 3, false, alisonhicks, Fun!23, 10, 3, 
899, Andre, Ramos, 12917.67, 8, true, andreramos, Fun!23, 37, 8, 
253, David, Wright, 3618.17, 6, true, davidwright, Fun!23, 30, 6, 
808, Megan, Thompson, 7401.39, 7, false, meganthompson, Fun!23, 33, 7, 
256, Susan, Humphrey, 9883.84, 8, false, susanhumphrey, Fun!23, 29, 8, 
329, Crystal, Johnson, 7493.69, 3, true, crystaljohnson, Fun!23, 9, 3, 
948, Daniel, Summers, 1983.87, 9, false, danielsummers, Fun!23, 36, 9, 
599, Jennifer, Smith, 9753.16, 6, false, jennifersmith, Fun!23, 22, 6, 
821, Chad, Green, 1578.04, 6, true, chadgreen, Fun!23, 26, 6, 
201, Andrew, Parks, 4967.27, 6, false, andrewparks, Fun!23, 30, 6, 
986, Stacy, Maldonado, 5467.63, 9, false, stacymaldonado, Fun!23, 45, 9, 
321, Kathleen, Small, 5684.55, 8, false, kathleensmall, Fun!23, 30, 8, 
132, Hannah, Arias, 4263.64, 8, false, hannaharias, Fun!23, 33, 8, 
405, Sean, Hull, 3557.43, 5, false, seanhull, Fun!23, 23, 5, 
369, Natasha, Wheeler, 13607.59, 11, true, natashawheeler, Fun!23, 44, 11, 
549, Ryan, Sullivan, 10951.22, 6, true, ryansullivan, Fun!23, 28, 6, 
410, Terri, Mendez, 4118.04, 10, true, terrimendez, Fun!23, 40, 10, 
613, Michael, King, 5974.48, 4, false, michaelking, Fun!23, 15, 4, 
62, Didi, Guillen, 6855.37, 5, true, didiguillen, Fun!23, 20, 5, 
964, James, Simmons, 7271.33, 2, true, jamessimmons, Fun!23, 10, 2, 
545, Brandy, Valenzuela, 7573.46, 6, false, brandyvalenzuela, Fun!23, 27, 6, 
801, Michelle, Oliver, 4892.54, 6, false, michelleoliver, Fun!23, 21, 6, 
564, Ricky, Gardner, 10582.59, 11, false, rickygardner, Fun!23, 42, 11, 
412, Zachary, Tran, 3046.00, 7, false, zacharytran, Fun!23, 35, 7, 
690, Christine, Ellis, 6895.66, 6, false, christineellis, Fun!23, 16, 6, 
993, Robert, Kennedy, 3566.78, 7, true, robertkennedy, Fun!23, 33, 7, 
575, Bradley, Bell, 326.08, 4, true, bradleybell, Fun!23, 20, 4, 
41, Ivan, AcedoAguilar, 5190.61, 7, false, ivanacedoaguilar, Fun!23, 21, 7, 
33, Hercules, Disney, 4484.84, 7, false, herculesdisney, Fun!23, 24, 7, 
594, Anthony, Barber, 9808.20, 8, true, anthonybarber, Fun!23, 30, 8, 
861, Brandon, Miller, 8487.82, 6, false, brandonmiller, Fun!23, 27, 6, 
941, Sharon, Castillo, 5751.46, 2, false, sharoncastillo, Fun!23, 8, 2, 
23, Scar, Lion, 4856.08, 4, false, scarlion, Fun!23, 17, 4, 
1025, Timothy, Wagner, 3261.17, 12, false, timothywagner, Fun!23, 49, 12, 
1014, Patricia, Hughes, 11077.18, 5, true, patriciahughes, Fun!23, 21, 5, 
198, Jerry, Lee, 13251.75, 3, false, jerrylee, Fun!23, 8, 3, 
482, Brandi, Gordon, 2284.41, 11, false, brandigordon, Fun!23, 37, 11, 
950, Katherine, Mcdonald, 11258.45, 10, true, katherinemcdonald, Fun!23, 44, 10, 
550, Kimberly, Johnson, 7769.32, 5, true, kimberlyjohnson, Fun!23, 24, 5, 
644, Jessica, Ramirez, 10988.10, 6, true, jessicaramirez, Fun!23, 24, 6, 
427, Krista, Blake, 216.17, 8, false, kristablake, Fun!23, 32, 8, 
758, Jennifer, Carr, 9781.07, 15, false, jennifercarr, Fun!23, 61, 15, 
654, Gina, Swanson, 5489.00, 6, false, ginaswanson, Fun!23, 26, 6, 
963, Roger, Casey, 9630.93, 8, true, rogercasey, Fun!23, 33, 8, 
237, Jesse, Montgomery, 714.63, 6, true, jessemontgomery, Fun!23, 28, 6, 
181, Nathan, Coleman, 4995.70, 7, false, nathancoleman, Fun!23, 27, 7, 
506, Hannah, Maldonado, 2016.72, 7, false, hannahmaldonado, Fun!23, 33, 7, 
297, Maria, Mitchell, 1137.73, 15, false, mariamitchell, Fun!23, 66, 15, 
812, Shawn, Lee, 1153.49, 6, false, shawnlee, Fun!23, 25, 6, 
996, Jamie, Brown, 7732.39, 3, false, jamiebrown, Fun!23, 7, 3, 
450, Tara, Rodriguez, 12234.02, 6, false, tararodriguez, Fun!23, 20, 6, 
674, Alyssa, Poole, 1271.08, 8, false, alyssapoole, Fun!23, 37, 8, 
930, Tyler, Evans, 5207.75, 5, false, tylerevans, Fun!23, 16, 5, 
910, Brendan, Phillips, 12472.92, 7, false, brendanphillips, Fun!23, 32, 7, 
298, Stephen, Villegas, 14028.80, 5, false, stephenvillegas, Fun!23, 20, 5, 
767, Jennifer, Evans, 3722.89, 3, true, jenniferevans, Fun!23, 8, 3, 
859, Lisa, Peters, 13532.23, 6, true, lisapeters, Fun!23, 19, 6, 
896, Barbara, Love, 4539.91, 9, false, barbaralove, Fun!23, 38, 9, 
317, Rachel, Phillips, 2407.27, 6, true, rachelphillips, Fun!23, 21, 6, 
657, Teresa, Gardner, 1650.38, 5, false, teresagardner, Fun!23, 21, 5, 
486, Michael, Fox, 11112.12, 7, true, michaelfox, Fun!23, 32, 7, 
1019, Tonya, Elliott, 4103.54, 7, true, tonyaelliott, Fun!23, 29, 7, 
27, Captaiin, Hook, 7285.67, 6, false, captaiinhook, Fun!23, 30, 6, 
106, Michael, Sanchez, 13258.81, 9, true, michaelsanchez, Fun!23, 36, 9, 
2, Donald, Duck, 2542.76, 5, true, donaldduck, Fun!23, 22, 5, 
269, Angelica, Bruce, 9104.45, 12, false, angelicabruce, Fun!23, 49, 12, 
662, Christopher, Robinson, 5104.03, 4, true, christopherrobinson, Fun!23, 18, 4, 
687, Ann, Miller, 5772.83, 7, true, annmiller, Fun!23, 26, 7, 
527, Nancy, Robles, 8709.00, 5, false, nancyrobles, Fun!23, 21, 5, 
825, Ernest, Bentley, 6436.32, 11, false, ernestbentley, Fun!23, 50, 11, 
661, Derek, Macias, 4858.14, 8, true, derekmacias, Fun!23, 27, 8, 
195, Kim, Buckley, 13840.33, 3, true, kimbuckley, Fun!23, 14, 3, 
36, Stitch, Disney, 1822.78, 9, false, stitchdisney, Fun!23, 39, 9, 
726, Nathan, Thompson, 8259.91, 5, true, nathanthompson, Fun!23, 15, 5, 
775, Bryan, Fields, 8053.26, 5, false, bryanfields, Fun!23, 21, 5, 
187, Keith, Ortiz, 6496.50, 9, true, keithortiz, Fun!23, 37, 9, 
120, Beverly, Johnson, 8188.76, 4, false, beverlyjohnson, Fun!23, 13, 4, 
966, Andrea, Riley, 4420.87, 13, true, andreariley, Fun!23, 44, 13, 
953, Jennifer, Hernandez, 11432.40, 6, false, jenniferhernandez, Fun!23, 22, 6, 
485, Kevin, Gould, 6893.68, 8, true, kevingould, Fun!23, 28, 8, 
946, Ashley, Frye, 2396.91, 8, false, ashleyfrye, Fun!23, 34, 8, 
7, Dale, Disney, 5511.73, 8, false, daledisney, Fun!23, 23, 8, 
494, Angel, Barber, 40.82, 7, true, angelbarber, Fun!23, 28, 7, 
306, Elizabeth, Kim, 3407.23, 7, true, elizabethkim, Fun!23, 30, 7, 
243, Erik, Case, 9272.71, 4, false, erikcase, Fun!23, 18, 4, 
439, April, Turner, 7035.76, 8, true, aprilturner, Fun!23, 34, 8, 
876, Curtis, Phillips, 11638.11, 5, false, curtisphillips, Fun!23, 18, 5, 
952, Darrell, Jones, 10926.92, 10, false, darrelljones, Fun!23, 37, 10, 
650, Elizabeth, Reyes, 3541.21, 14, false, elizabethreyes, Fun!23, 62, 14, 
875, Carolyn, Dunn, 2626.41, 9, true, carolyndunn, Fun!23, 38, 9, 
530, Grace, Kelley, 862.92, 5, false, gracekelley, Fun!23, 23, 5, 
220, Lisa, Garrett, 5112.32, 7, true, lisagarrett, Fun!23, 31, 7, 
528, Kaylee, Hale, 10735.26, 5, true, kayleehale, Fun!23, 21, 5, 
956, Robert, Flores, 5174.31, 9, true, robertflores, Fun!23, 36, 9, 
118, Sean, Roberts, 3016.19, 9, false, seanroberts, Fun!23, 32, 9, 
664, Lawrence, Henry, 3826.39, 8, true, lawrencehenry, Fun!23, 31, 8, 
707, John, Davis, 13894.79, 3, true, johndavis, Fun!23, 12, 3, 
943, Amber, Conley, 3.38, 7, false, amberconley, Fun!23, 25, 7, 
659, Anthony, Moore, 5425.71, 8, false, anthonymoore, Fun!23, 33, 8, 
628, Jacob, Contreras, 4257.11, 7, true, jacobcontreras, Fun!23, 27, 7, 
838, Juan, Brock, 10629.11, 7, false, juanbrock, Fun!23, 26, 7, 
492, Michael, Robinson, 3617.96, 11, true, michaelrobinson, Fun!23, 46, 11, 
710, Miranda, Mason, 1877.76, 11, true, mirandamason, Fun!23, 44, 11, 
79, Alejandro, Ramirez, 3427.01, 9, true, alejandroramirez, Fun!23, 32, 9, 
592, Alyssa, Smith, 8004.23, 11, true, alyssasmith, Fun!23, 33, 11, 
712, Anthony, Adams, 7193.26, 1, false, anthonyadams, Fun!23, 3, 1, 
431, Becky, Gray, 5444.01, 7, true, beckygray, Fun!23, 28, 7, 
879, Brett, Higgins, 4959.24, 10, true, bretthiggins, Fun!23, 39, 10, 
968, Amy, Fuller, 11679.87, 7, true, amyfuller, Fun!23, 29, 7, 
11, Aladdin, Disney, 6170.68, 7, false, aladdindisney, Fun!23, 26, 7, 
890, Lauren, Coleman, 7543.61, 9, false, laurencoleman, Fun!23, 33, 9, 
456, Trevor, Young, 4358.67, 13, false, trevoryoung, Fun!23, 50, 13, 
590, Michelle, Ramirez, 12616.70, 13, true, michelleramirez, Fun!23, 44, 13, 
403, Allison, Cross, 5347.98, 9, false, allisoncross, Fun!23, 40, 9, 
785, Patricia, Mcdonald, 8881.44, 10, true, patriciamcdonald, Fun!23, 33, 10, 
718, Phillip, Meyer, 8935.48, 4, false, phillipmeyer, Fun!23, 16, 4, 
121, Stephen, Ellis, 2178.32, 6, false, stephenellis, Fun!23, 24, 6, 
540, Richard, Edwards, 11107.17, 8, true, richardedwards, Fun!23, 30, 8, 
933, Dennis, Cooper, 12050.60, 5, true, denniscooper, Fun!23, 22, 5, 
217, Timothy, Romero, 3816.39, 8, true, timothyromero, Fun!23, 31, 8, 
668, Sarah, Jones, 408.16, 7, false, sarahjones, Fun!23, 31, 7, 
75, Felix, Millan, 7393.44, 8, true, felixmillan, Fun!23, 36, 8, 
992, Danielle, Conrad, 10411.57, 5, false, danielleconrad, Fun!23, 20, 5, 
293, Tami, Alexander, 4429.66, 6, false, tamialexander, Fun!23, 23, 6, 
267, Craig, Schaefer, 7410.35, 4, false, craigschaefer, Fun!23, 12, 4, 
302, Bradley, Rodriguez, 4468.60, 10, true, bradleyrodriguez, Fun!23, 45, 10, 
851, Nicole, Lloyd, 9381.63, 6, true, nicolelloyd, Fun!23, 22, 6, 
898, Danielle, Chavez, 1715.81, 4, false, daniellechavez, Fun!23, 15, 4, 
145, David, Gardner, 7003.89, 4, false, davidgardner, Fun!23, 16, 4, 
455, Deborah, Scott, 154.34, 9, true, deborahscott, Fun!23, 34, 9, 
893, Olivia, Richardson, 3752.86, 7, true, oliviarichardson, Fun!23, 24, 7, 
597, Sarah, Anderson, 6320.79, 7, true, sarahanderson, Fun!23, 25, 7, 
778, Sabrina, Nguyen, 7118.66, 10, true, sabrinanguyen, Fun!23, 41, 10, 
428, John, Morris, 5632.40, 4, false, johnmorris, Fun!23, 18, 4, 
221, Mark, Lee, 1399.82, 4, true, marklee, Fun!23, 16, 4, 
216, Chase, Miller, 5017.00, 6, false, chasemiller, Fun!23, 21, 6, 
619, Amber, Long, 6731.91, 8, true, amberlong, Fun!23, 31, 8, 
15, Peter, Pan, 147.62, 2, false, peterpan, Fun!23, 6, 2, 
640, Luis, Johnson, 5488.80, 10, true, luisjohnson, Fun!23, 39, 10, 
126, Monica, Davenport, 8367.28, 10, true, monicadavenport, Fun!23, 36, 10, 
418, Lisa, Spencer, 9553.60, 7, false, lisaspencer, Fun!23, 27, 7, 
334, Kyle, Taylor, 4529.66, 8, false, kyletaylor, Fun!23, 29, 8, 
526, Christopher, Melendez, 6875.61, 8, false, christophermelendez, Fun!23, 36, 8, 
134, Jerry, Curtis, 4932.49, 4, true, jerrycurtis, Fun!23, 16, 4, 
856, Kristine, Smith, 26.12, 12, false, kristinesmith, Fun!23, 43, 12, 
777, Craig, Brown, 1238.40, 7, true, craigbrown, Fun!23, 31, 7, 
931, David, Hayes, 272.59, 6, true, davidhayes, Fun!23, 29, 6, 
459, Jason, Skinner, 11457.46, 8, false, jasonskinner, Fun!23, 33, 8, 
266, William, Hunter, 3785.72, 9, true, williamhunter, Fun!23, 39, 9, 
1028, Jessica, Smith, 3393.41, 9, true, jessicasmith, Fun!23, 32, 9, 
424, Brandon, Neal, 3317.38, 10, false, brandonneal, Fun!23, 40, 10, 
917, Lisa, Jackson, 8019.70, 3, true, lisajackson, Fun!23, 11, 3, 
212, Lee, Burke, 4977.56, 8, true, leeburke, Fun!23, 35, 8, 
326, Bryan, Hardy, 6987.80, 9, true, bryanhardy, Fun!23, 36, 9, 
258, Karen, Thomas, 3611.07, 12, true, karenthomas, Fun!23, 50, 12, 
305, David, Mills, 2485.35, 16, true, davidmills, Fun!23, 62, 16, 
477, Thomas, Bonilla, 9910.04, 5, false, thomasbonilla, Fun!23, 19, 5, 
716, Daniel, Smith, 25.42, 8, false, danielsmith, Fun!23, 29, 8, 
969, Jeremy, Rocha, 6251.48, 10, true, jeremyrocha, Fun!23, 39, 10, 
466, Christopher, Raymond, 1625.07, 7, true, christopherraymond, Fun!23, 32, 7, 
924, Erica, Burch, 1331.96, 11, true, ericaburch, Fun!23, 47, 11, 
605, Lawrence, Price, 5538.32, 9, true, lawrenceprice, Fun!23, 34, 9, 
422, Elizabeth, Cruz, 13367.74, 6, true, elizabethcruz, Fun!23, 23, 6, 
655, Kimberly, Martinez, 2701.87, 8, false, kimberlymartinez, Fun!23, 36, 8, 
186, Jeremy, Alvarez, 5857.03, 2, true, jeremyalvarez, Fun!23, 9, 2, 
137, Christopher, Coleman, 10239.41, 5, false, christophercoleman, Fun!23, 21, 5, 
525, Robin, Watson, 6716.70, 5, true, robinwatson, Fun!23, 18, 5, 
204, Molly, Cohen, 10105.77, 7, false, mollycohen, Fun!23, 25, 7, 
227, Maria, Mccarthy, 11631.85, 6, false, mariamccarthy, Fun!23, 23, 6, 
970, Tammy, Waters, 11729.94, 7, false, tammywaters, Fun!23, 25, 7, 
129, Paula, Wyatt, 3880.61, 7, false, paulawyatt, Fun!23, 26, 7, 
142, Edward, Hernandez, 2700.54, 6, true, edwardhernandez, Fun!23, 23, 6, 
231, Paul, Fisher, 7080.31, 6, true, paulfisher, Fun!23, 20, 6, 
913, Amanda, Johnson, 3970.09, 7, false, amandajohnson, Fun!23, 32, 7, 
328, Stacey, Paul, 83.09, 10, false, staceypaul, Fun!23, 38, 10, 
936, Denise, Johnson, 5231.61, 5, false, denisejohnson, Fun!23, 21, 5, 
446, Jon, Lopez, 6036.92, 7, true, jonlopez, Fun!23, 33, 7, 
912, Christopher, Ortega, 204.36, 12, false, christopherortega, Fun!23, 48, 12, 
1030, Wendy, Phillips, 1496.50, 11, true, wendyphillips, Fun!23, 43, 11, 
616, Andrew, Marshall, 4964.85, 7, false, andrewmarshall, Fun!23, 23, 7, 
233, Destiny, Ferguson, 1081.02, 8, false, destinyferguson, Fun!23, 33, 8, 
441, Michael, Murray, 7833.57, 8, false, michaelmurray, Fun!23, 23, 8, 
573, Chad, Clark, 13201.83, 8, false, chadclark, Fun!23, 31, 8, 
553, Dakota, Harper, 12261.50, 6, false, dakotaharper, Fun!23, 28, 6, 
756, David, Summers, 8575.78, 8, false, davidsummers, Fun!23, 35, 8, 
683, Rebecca, Nguyen, 4447.24, 9, false, rebeccanguyen, Fun!23, 35, 9, 
863, Christopher, Lucero, 4615.96, 8, true, christopherlucero, Fun!23, 37, 8, 
22, Cruella, DeVil, 2.19, 13, false, cruelladevil, Fun!23, 50, 13, 
283, Daniel, Romero, 11890.49, 4, false, danielromero, Fun!23, 18, 4, 
386, Michele, Cummings, 5588.56, 6, true, michelecummings, Fun!23, 29, 6, 
93, Dana, Williams, 10418.31, 3, true, danawilliams, Fun!23, 8, 3, 
685, Cynthia, Giles, 9313.01, 8, false, cynthiagiles, Fun!23, 39, 8, 
43, Robert, Alvarez, 5473.07, 4, false, robertalvarez, Fun!23, 20, 4, 
104, Melissa, Mccormick, 11279.27, 7, true, melissamccormick, Fun!23, 21, 7, 
891, Jack, Morgan, 10820.12, 3, false, jackmorgan, Fun!23, 12, 3, 
846, Robin, Wilson, 4690.90, 8, false, robinwilson, Fun!23, 36, 8, 
596, Heather, Robbins, 8743.11, 10, true, heatherrobbins, Fun!23, 37, 10, 
635, Scott, Bailey, 5568.86, 7, false, scottbailey, Fun!23, 27, 7, 
833, Sarah, Stanton, 4804.66, 6, false, sarahstanton, Fun!23, 22, 6, 
164, Justin, Wilson, 1527.26, 11, true, justinwilson, Fun!23, 42, 11, 
251, Alexis, Ford, 7538.72, 13, true, alexisford, Fun!23, 43, 13, 
800, George, Ayala, 5247.65, 14, true, georgeayala, Fun!23, 49, 14, 
113, Michele, Stevens, 4938.55, 9, true, michelestevens, Fun!23, 34, 9, 
402, Ashley, Wilcox, 62.75, 3, true, ashleywilcox, Fun!23, 16, 3, 
818, Maria, Young, 3466.62, 7, true, mariayoung, Fun!23, 25, 7, 
727, William, Adkins, 3679.41, 7, false, williamadkins, Fun!23, 24, 7, 
310, Marissa, Oconnell, 8613.15, 8, true, marissaoconnell, Fun!23, 39, 8, 
464, Crystal, Rice, 4263.73, 8, true, crystalrice, Fun!23, 31, 8, 
1022, Lisa, Yu, 3577.72, 5, true, lisayu, Fun!23, 21, 5, 
673, Michael, Parrish, 3833.32, 9, false, michaelparrish, Fun!23, 34, 9, 
626, Ronald, Bond, 14330.25, 6, false, ronaldbond, Fun!23, 21, 6, 
414, Philip, Collins, 3078.32, 6, true, philipcollins, Fun!23, 29, 6, 
90, Tom, Perez, 7259.43, 3, false, tomperez, Fun!23, 12, 3, 
82, Francisco, Rodriguez, 4944.15, 8, true, franciscorodriguez, Fun!23, 26, 8, 
426, Tiffany, May, 4122.72, 8, true, tiffanymay, Fun!23, 29, 8, 
167, Anthony, Sanchez, 5025.60, 6, true, anthonysanchez, Fun!23, 24, 6, 
300, Theresa, Macias, 12305.28, 7, true, theresamacias, Fun!23, 24, 7, 
467, Wendy, Stanton, 4891.91, 3, false, wendystanton, Fun!23, 11, 3, 
940, Ana, Andrade, 1829.13, 8, false, anaandrade, Fun!23, 34, 8, 
722, Sean, Hernandez, 7857.36, 6, false, seanhernandez, Fun!23, 25, 6, 
105, Austin, Griffin, 10958.18, 6, true, austingriffin, Fun!23, 27, 6, 
311, Gregory, Maxwell, 6618.16, 10, false, gregorymaxwell, Fun!23, 40, 10, 
500, Justin, Davis, 9610.78, 4, true, justindavis, Fun!23, 20, 4, 
670, Julia, Jones, 1953.71, 9, false, juliajones, Fun!23, 41, 9, 
188, Mark, Ramos, 8700.73, 7, true, markramos, Fun!23, 20, 7, 
111, Logan, Palmer, 11055.38, 8, false, loganpalmer, Fun!23, 33, 8, 
976, Stephanie, Perry, 10104.06, 5, true, stephanieperry, Fun!23, 18, 5, 
925, Dalton, Bryant, 7368.35, 8, true, daltonbryant, Fun!23, 36, 8, 
874, John, House, 1563.03, 6, false, johnhouse, Fun!23, 28, 6, 
173, Sandra, Rogers, 179.40, 10, false, sandrarogers, Fun!23, 38, 10, 
445, Ryan, Wilkins, 8738.86, 5, false, ryanwilkins, Fun!23, 18, 5, 
624, Anthony, Carson, 6174.50, 6, true, anthonycarson, Fun!23, 28, 6, 
239, Joel, Arellano, 8872.70, 12, false, joelarellano, Fun!23, 46, 12, 
224, Robert, Park, 274.74, 10, false, robertpark, Fun!23, 40, 10, 
985, Michael, Johnson, 3562.79, 6, false, michaeljohnson, Fun!23, 27, 6, 
192, Jeremy, Morris, 4788.40, 7, true, jeremymorris, Fun!23, 28, 7, 
990, Emily, Jackson, 10247.19, 6, false, emilyjackson, Fun!23, 28, 6, 
56, Ian, Flores, 4841.39, 7, false, ianflores, Fun!23, 25, 7, 
732, Michael, Nunez, 12233.79, 14, true, michaelnunez, Fun!23, 66, 14, 
443, David, Davila, 511.80, 5, true, daviddavila, Fun!23, 25, 5, 
536, Darlene, Russell, 3268.94, 10, true, darlenerussell, Fun!23, 34, 10, 
135, Jeffrey, Weiss, 6881.12, 9, false, jeffreyweiss, Fun!23, 36, 9, 
26, Shere, Khan, 12769.68, 10, true, sherekhan, Fun!23, 40, 10, 
336, Chelsea, Porter, 1284.89, 7, true, chelseaporter, Fun!23, 32, 7, 
433, Kristina, Patrick, 13947.10, 2, true, kristinapatrick, Fun!23, 8, 2, 
991, Paul, Salas, 3689.57, 11, false, paulsalas, Fun!23, 39, 11, 
667, Brittany, Richard, 9912.85, 6, true, brittanyrichard, Fun!23, 29, 6, 
483, Julian, Gutierrez, 3621.94, 9, true, juliangutierrez, Fun!23, 43, 9, 
639, Christopher, Fields, 9986.04, 11, true, christopherfields, Fun!23, 47, 11, 
396, Krystal, Thompson, 7383.20, 7, true, krystalthompson, Fun!23, 25, 7, 
65, Dominique, Johnson, 9216.57, 4, false, dominiquejohnson, Fun!23, 14, 4, 
24, Simba, King, 10276.22, 7, true, simbaking, Fun!23, 25, 7, 
701, John, Hill, 10763.53, 2, false, johnhill, Fun!23, 8, 2, 
246, David, Gross, 5389.23, 7, false, davidgross, Fun!23, 30, 7, 
103, Robert, Preston, 7204.59, 8, true, robertpreston, Fun!23, 34, 8, 
781, Alexandra, Simpson, 4435.14, 6, true, alexandrasimpson, Fun!23, 28, 6, 
44, Irvin, Arredondo, 9788.79, 6, true, irvinarredondo, Fun!23, 25, 6, 
504, Angela, Lang, 12856.16, 4, false, angelalang, Fun!23, 15, 4, 
867, Sandra, Sutton, 5955.34, 8, false, sandrasutton, Fun!23, 29, 8, 
51, Steve, Cruz, 10801.84, 5, true, stevecruz, Fun!23, 24, 5, 
116, Christopher, Norris, 9591.25, 3, true, christophernorris, Fun!23, 12, 3, 
194, Nicholas, Anderson, 12826.33, 7, true, nicholasanderson, Fun!23, 32, 7, 
489, Jose, Evans, 8036.80, 11, true, joseevans, Fun!23, 38, 11, 
101, Erica, Harrison, 1404.07, 8, false, ericaharrison, Fun!23, 32, 8, 
770, Michelle, Ray, 12043.23, 4, false, michelleray, Fun!23, 19, 4, 
603, Victor, Ross, 4966.08, 10, true, victorross, Fun!23, 38, 10, 
367, Christopher, Foster, 5209.44, 6, false, christopherfoster, Fun!23, 19, 6, 
728, Willie, Hobbs, 4838.53, 4, false, williehobbs, Fun!23, 15, 4, 
442, Gregory, Carr, 4574.02, 8, true, gregorycarr, Fun!23, 33, 8, 
13, Mufassa, Disney, 14275.91, 7, true, mufassadisney, Fun!23, 31, 7, 
915, James, Watson, 5586.33, 5, false, jameswatson, Fun!23, 18, 5, 
855, George, Gilbert, 82.73, 6, false, georgegilbert, Fun!23, 27, 6, 
331, Amanda, Shepherd, 11637.31, 7, true, amandashepherd, Fun!23, 30, 7, 
842, Kevin, Tran, 11433.99, 9, false, kevintran, Fun!23, 36, 9, 
523, Tiffany, Davis, 9638.98, 4, true, tiffanydavis, Fun!23, 15, 4, 
46, Bradley, Beltran, 4021.30, 9, true, bradleybeltran, Fun!23, 43, 9, 
95, Sean, Klein, 7625.34, 5, true, seanklein, Fun!23, 23, 5, 
70, Alexis, Lupo, 7322.64, 5, true, alexislupo, Fun!23, 19, 5, 
470, Alyssa, Reese, 4123.15, 9, true, alyssareese, Fun!23, 33, 9, 
12, Simba, Disney, 6599.40, 7, true, simbadisney, Fun!23, 24, 7, 
435, Rebecca, Brown, 5835.84, 4, true, rebeccabrown, Fun!23, 16, 4, 
567, Dylan, Lopez, 2849.90, 4, true, dylanlopez, Fun!23, 17, 4, 
866, Christian, Ellis, 10142.30, 3, false, christianellis, Fun!23, 10, 3, 
971, Douglas, Mckay, 10597.00, 5, false, douglasmckay, Fun!23, 25, 5, 
658, Brandon, Flores, 8311.32, 7, false, brandonflores, Fun!23, 32, 7, 
583, Andrew, Torres, 10171.89, 4, true, andrewtorres, Fun!23, 13, 4, 
278, Mario, Walker, 6111.03, 7, true, mariowalker, Fun!23, 28, 7, 
765, Rachel, Hart, 2271.97, 8, false, rachelhart, Fun!23, 34, 8, 
752, Anita, Fletcher, 6659.62, 6, true, anitafletcher, Fun!23, 23, 6, 
162, Jennifer, Williams, 11782.28, 7, false, jenniferwilliams, Fun!23, 26, 7, 
694, Christina, Dodson, 8981.52, 7, false, christinadodson, Fun!23, 30, 7, 
700, John, Blair, 6778.72, 8, true, johnblair, Fun!23, 32, 8, 
361, Dakota, Bender, 3357.19, 7, false, dakotabender, Fun!23, 20, 7, 
995, Shawn, Santos, 1198.69, 8, false, shawnsantos, Fun!23, 32, 8, 
582, Phillip, Brown, 6089.30, 7, true, phillipbrown, Fun!23, 26, 7, 
850, Alexander, Wilson, 4164.82, 7, true, alexanderwilson, Fun!23, 33, 7, 
10, Jasmine, Disney, 8418.43, 6, true, jasminedisney, Fun!23, 28, 6, 
568, Martin, Edwards, 7366.89, 5, false, martinedwards, Fun!23, 22, 5, 
511, Mary, Chapman, 5350.97, 7, false, marychapman, Fun!23, 32, 7, 
720, Carmen, Hays, 151.62, 10, false, carmenhays, Fun!23, 50, 10, 
509, Edward, Jackson, 3937.70, 7, true, edwardjackson, Fun!23, 31, 7, 
472, Brian, Lopez, 7456.04, 7, true, brianlopez, Fun!23, 21, 7, 
140, Gail, Parker, 8469.97, 3, true, gailparker, Fun!23, 15, 3, 
763, Michael, Flores, 435.11, 7, true, michaelflores, Fun!23, 22, 7, 
175, Andrew, Garcia, 6602.31, 5, false, andrewgarcia, Fun!23, 24, 5, 
289, Matthew, Perez, 56.81, 3, true, matthewperez, Fun!23, 13, 3, 
916, Kara, Summers, 12158.42, 4, false, karasummers, Fun!23, 23, 4, 
55, Arturo, Flores, 4057.97, 8, true, arturoflores, Fun!23, 35, 8, 
32, Quasimodo, Disney, 7760.88, 9, false, quasimododisney, Fun!23, 41, 9, 
803, Michelle, Griffin, 7243.17, 12, true, michellegriffin, Fun!23, 45, 12, 
822, Tanya, Turner, 16.83, 5, true, tanyaturner, Fun!23, 17, 5, 
954, Amy, Hall, 725.86, 10, true, amyhall, Fun!23, 37, 10, 
127, Michelle, Holland, 4471.36, 7, true, michelleholland, Fun!23, 23, 7, 
382, Thomas, Elliott, 6434.11, 8, true, thomaselliott, Fun!23, 33, 8, 
579, Theresa, Clark, 3606.39, 13, true, theresaclark, Fun!23, 57, 13, 
793, Erin, Jones, 7266.01, 8, true, erinjones, Fun!23, 32, 8, 
839, Sandra, Newton, 6243.60, 5, true, sandranewton, Fun!23, 23, 5, 
558, Bobby, Gonzales, 9713.32, 6, true, bobbygonzales, Fun!23, 23, 6, 
17, Buzz, Lightyear, 8070.32, 6, true, buzzlightyear, Fun!23, 23, 6, 
368, Carrie, Bennett, 4870.87, 11, false, carriebennett, Fun!23, 36, 11, 
366, Misty, Horton, 2986.36, 9, true, mistyhorton, Fun!23, 33, 9, 
265, David, Thomas, 14071.19, 2, false, davidthomas, Fun!23, 11, 2, 
779, Hayden, Mcdaniel, 11777.31, 7, true, haydenmcdaniel, Fun!23, 32, 7, 
284, Jacqueline, Dunn, 14529.23, 5, true, jacquelinedunn, Fun!23, 20, 5, 
552, William, Evans, 5447.13, 5, true, williamevans, Fun!23, 22, 5, 
1024, Maria, Kelly, 1531.25, 5, false, mariakelly, Fun!23, 18, 5, 
514, Wendy, Campos, 7234.13, 5, false, wendycampos, Fun!23, 21, 5, 
74, Gabriel, MikiSilva, 11904.77, 5, true, gabrielmikisilva, Fun!23, 22, 5, 
296, Adam, Maldonado, 5368.07, 8, false, adammaldonado, Fun!23, 30, 8, 
250, Darin, Porter, 4192.13, 7, true, darinporter, Fun!23, 30, 7, 
40, Jonathan, Avalos, 6461.13, 6, false, jonathanavalos, Fun!23, 24, 6, 
1035, Shelly, Jones, 8306.31, 6, false, shellyjones, Fun!23, 21, 6, 
1027, Stephen, Peters, 6329.68, 5, false, stephenpeters, Fun!23, 20, 5, 
374, Jeremiah, Williamson, 10731.90, 10, true, jeremiahwilliamson, Fun!23, 49, 10, 
262, Brian, Castillo, 994.37, 6, false, briancastillo, Fun!23, 21, 6, 
1000, Ryan, Peterson, 3774.24, 7, true, ryanpeterson, Fun!23, 34, 7, 
476, Amy, Rodriguez, 4313.01, 7, false, amyrodriguez, Fun!23, 30, 7, 
349, Deborah, Hunt, 5168.80, 5, false, deborahhunt, Fun!23, 22, 5, 
430, Emma, Padilla, 373.41, 13, true, emmapadilla, Fun!23, 53, 13, 
903, Jennifer, Huang, 7251.47, 9, false, jenniferhuang, Fun!23, 30, 9, 
86, Jesus, TorresDominguez, 9178.62, 8, false, jesustorresdominguez, Fun!23, 29, 8, 
769, Laurie, Mendoza, 12589.64, 5, true, lauriemendoza, Fun!23, 19, 5, 
748, Brittney, Daniel, 7997.83, 7, true, brittneydaniel, Fun!23, 28, 7, 
997, Elizabeth, Medina, 6886.25, 5, false, elizabethmedina, Fun!23, 20, 5, 
434, Raymond, Woodward, 4438.40, 9, false, raymondwoodward, Fun!23, 38, 9, 
77, Dannell, MunozSilva, 10198.29, 7, false, dannellmunozsilva, Fun!23, 26, 7, 
507, Michaela, Miranda, 7522.76, 5, false, michaelamiranda, Fun!23, 19, 5, 
961, Vincent, Harrison, 4271.72, 6, true, vincentharrison, Fun!23, 26, 6, 
379, Shane, Arnold, 4417.81, 11, false, shanearnold, Fun!23, 41, 11, 
318, Jade, Crawford, 23.04, 4, false, jadecrawford, Fun!23, 13, 4, 
92, Robert, Lyons, 213.07, 7, false, robertlyons, Fun!23, 22, 7, 
264, Karen, Zhang, 6910.36, 4, false, karenzhang, Fun!23, 23, 4, 
733, Douglas, Bryant, 13017.62, 8, false, douglasbryant, Fun!23, 34, 8, 
1001, Andrew, Hall, 1439.84, 1, true, andrewhall, Fun!23, 5, 1, 
988, Zachary, Campbell, 13822.91, 3, false, zacharycampbell, Fun!23, 14, 3, 
344, Patricia, Glenn, 8636.06, 10, true, patriciaglenn, Fun!23, 41, 10, 
522, Kim, Contreras, 11205.51, 4, true, kimcontreras, Fun!23, 13, 4, 
1026, Erin, Barton, 6892.19, 7, true, erinbarton, Fun!23, 25, 7, 
983, Monica, Sullivan, 6328.23, 10, false, monicasullivan, Fun!23, 41, 10, 
689, Carl, Foley, 13042.25, 6, false, carlfoley, Fun!23, 22, 6, 
397, Benjamin, Ramirez, 3692.55, 6, false, benjaminramirez, Fun!23, 22, 6, 
566, Barbara, Lane, 4081.10, 8, true, barbaralane, Fun!23, 33, 8, 
512, Colleen, Torres, 6560.28, 9, true, colleentorres, Fun!23, 29, 9, 
415, Hunter, Moore, 176.41, 6, false, huntermoore, Fun!23, 23, 6, 
713, Timothy, Jones, 5647.29, 5, true, timothyjones, Fun!23, 16, 5, 
76, Michael, Muniz, 7697.56, 5, false, michaelmuniz, Fun!23, 25, 5, 
71, Daniel, Marin, 12484.98, 7, true, danielmarin, Fun!23, 27, 7, 
738, Jennifer, Bailey, 11680.12, 13, true, jenniferbailey, Fun!23, 59, 13, 
